sensor_id,timestamp,temperature,humidity,location,sensor_type
1096,2025-04-11T00:18:28.000Z,23.74,68.74,BuildingA_Floor1,TypeA
1030,2025-04-11T02:29:28.000Z,18.27,58.96,BuildingA_Floor2,TypeA
1043,2025-04-10T03:45:29.000Z,29.46,30.15,BuildingB_Floor2,TypeA
1036,2025-04-07T13:36:08.000Z,20.56,68.94,BuildingB_Floor2,TypeB
1049,2025-04-07T09:46:49.000Z,27.47,65.31,BuildingA_Floor2,TypeA
1017,2025-04-10T01:43:18.000Z,26.49,33.22,BuildingA_Floor1,TypeC
1004,2025-04-09T09:05:45.000Z,34.89,68.36,BuildingA_Floor1,TypeB
1002,2025-04-07T20:05:13.000Z,31.38,39.32,BuildingA_Floor2,TypeB
1054,2025-04-10T19:28:25.000Z,17.51,61.59,BuildingB_Floor1,TypeA
1022,2025-04-06T08:06:19.000Z,19.63,42.29,BuildingA_Floor2,TypeC
1028,2025-04-09T12:02:17.000Z,27.58,63.32,BuildingA_Floor1,TypeC
1003,2025-04-06T07:48:16.000Z,26.67,43.28,BuildingA_Floor1,TypeA
1053,2025-04-08T21:51:21.000Z,34.09,36.32,BuildingA_Floor1,TypeC
1007,2025-04-10T11:17:58.000Z,24.81,61.71,BuildingA_Floor2,TypeC
1017,2025-04-09T05:11:58.000Z,24.86,36.89,BuildingA_Floor1,TypeC
1051,2025-04-10T08:52:49.000Z,15.68,76.96,BuildingA_Floor1,TypeB
1096,2025-04-08T07:53:45.000Z,30.25,63.2,BuildingB_Floor2,TypeA
1084,2025-04-07T06:38:22.000Z,24.3,37.97,BuildingB_Floor2,TypeB
1020,2025-04-07T10:07:37.000Z,18.17,75.71,BuildingB_Floor1,TypeA
1041,2025-04-06T23:02:28.000Z,20.45,41.61,BuildingB_Floor1,TypeA
1066,2025-04-08T22:52:38.000Z,22.62,36.87,BuildingB_Floor2,TypeB
1028,2025-04-07T04:10:46.000Z,18.27,75.39,BuildingB_Floor1,TypeC
1080,2025-04-09T22:45:17.000Z,27.22,35.24,BuildingB_Floor1,TypeB
1065,2025-04-10T11:48:40.000Z,18.31,30.73,BuildingB_Floor2,TypeC
1064,2025-04-09T02:37:56.000Z,30.53,39.0,BuildingA_Floor2,TypeC
1045,2025-04-10T17:01:59.000Z,16.41,78.0,BuildingA_Floor1,TypeB
1018,2025-04-08T19:42:50.000Z,26.09,67.82,BuildingA_Floor1,TypeB
1071,2025-04-10T10:58:41.000Z,15.22,72.17,BuildingA_Floor2,TypeB
1021,2025-04-07T07:26:24.000Z,20.82,45.74,BuildingB_Floor2,TypeB
1031,2025-04-10T23:05:07.000Z,23.12,31.46,BuildingB_Floor2,TypeB
1069,2025-04-06T18:44:49.000Z,23.99,70.86,BuildingA_Floor2,TypeC
1091,2025-04-08T11:08:05.000Z,34.24,52.61,BuildingB_Floor2,TypeC
1003,2025-04-10T21:46:06.000Z,21.05,68.72,BuildingA_Floor1,TypeA
1084,2025-04-06T15:38:26.000Z,17.54,63.49,BuildingB_Floor1,TypeC
1066,2025-04-08T04:21:40.000Z,22.03,41.58,BuildingB_Floor2,TypeB
1084,2025-04-08T16:13:22.000Z,33.4,69.36,BuildingA_Floor1,TypeB
1003,2025-04-08T00:07:45.000Z,15.5,74.1,BuildingA_Floor2,TypeA
1070,2025-04-11T02:14:43.000Z,28.36,49.27,BuildingA_Floor1,TypeA
1033,2025-04-07T03:56:06.000Z,24.3,71.83,BuildingB_Floor1,TypeB
1100,2025-04-08T01:58:17.000Z,22.42,79.35,BuildingB_Floor2,TypeC
1045,2025-04-10T16:23:00.000Z,27.01,53.29,BuildingA_Floor1,TypeB
1055,2025-04-08T09:49:50.000Z,21.19,70.95,BuildingB_Floor2,TypeB
1091,2025-04-06T03:29:53.000Z,34.62,47.46,BuildingB_Floor2,TypeA
1011,2025-04-10T20:34:58.000Z,23.04,43.87,BuildingA_Floor1,TypeC
1017,2025-04-07T15:21:47.000Z,25.52,67.53,BuildingA_Floor2,TypeA
1048,2025-04-09T05:01:45.000Z,23.24,78.12,BuildingB_Floor2,TypeA
1032,2025-04-06T11:34:30.000Z,23.54,65.85,BuildingB_Floor2,TypeC
1076,2025-04-08T01:05:33.000Z,34.84,71.81,BuildingB_Floor1,TypeC
1033,2025-04-09T14:56:49.000Z,32.23,48.05,BuildingB_Floor1,TypeA
1098,2025-04-09T19:06:51.000Z,22.01,68.73,BuildingB_Floor1,TypeA
1009,2025-04-10T18:14:50.000Z,34.57,61.28,BuildingB_Floor1,TypeB
1007,2025-04-10T22:27:16.000Z,21.55,62.12,BuildingB_Floor1,TypeA
1027,2025-04-10T11:10:51.000Z,21.57,62.6,BuildingA_Floor2,TypeC
1035,2025-04-10T09:01:14.000Z,21.48,62.16,BuildingB_Floor1,TypeB
1051,2025-04-06T09:56:13.000Z,18.68,46.02,BuildingA_Floor2,TypeC
1096,2025-04-07T13:30:02.000Z,27.42,73.69,BuildingA_Floor2,TypeA
1033,2025-04-10T11:05:50.000Z,28.96,78.49,BuildingA_Floor1,TypeB
1054,2025-04-06T19:15:32.000Z,32.66,78.2,BuildingB_Floor2,TypeB
1009,2025-04-09T12:00:39.000Z,34.24,52.43,BuildingA_Floor1,TypeA
1099,2025-04-07T03:10:48.000Z,32.25,71.83,BuildingA_Floor1,TypeB
1061,2025-04-08T19:32:17.000Z,29.42,71.61,BuildingB_Floor1,TypeC
1084,2025-04-07T04:14:11.000Z,30.39,74.25,BuildingB_Floor1,TypeA
1014,2025-04-08T14:19:04.000Z,34.75,45.76,BuildingA_Floor1,TypeB
1056,2025-04-10T17:54:03.000Z,31.13,57.33,BuildingB_Floor1,TypeC
1064,2025-04-07T17:09:02.000Z,19.99,54.94,BuildingA_Floor1,TypeA
1093,2025-04-09T22:34:29.000Z,29.28,40.47,BuildingA_Floor1,TypeC
1069,2025-04-09T19:36:55.000Z,16.75,43.98,BuildingA_Floor2,TypeA
1086,2025-04-08T15:01:16.000Z,18.75,65.18,BuildingA_Floor1,TypeB
1024,2025-04-09T20:32:48.000Z,15.23,59.07,BuildingB_Floor1,TypeB
1038,2025-04-08T00:08:48.000Z,16.9,59.34,BuildingB_Floor1,TypeB
1088,2025-04-08T11:41:05.000Z,20.52,69.66,BuildingB_Floor2,TypeB
1057,2025-04-10T20:59:06.000Z,20.36,47.88,BuildingA_Floor1,TypeB
1058,2025-04-06T05:52:25.000Z,16.13,61.04,BuildingB_Floor1,TypeC
1052,2025-04-07T15:06:25.000Z,32.9,40.8,BuildingA_Floor2,TypeB
1071,2025-04-10T22:22:31.000Z,30.86,31.99,BuildingA_Floor1,TypeC
1085,2025-04-07T07:38:55.000Z,18.12,46.64,BuildingA_Floor2,TypeC
1001,2025-04-08T03:42:26.000Z,19.37,50.53,BuildingA_Floor1,TypeC
1010,2025-04-08T18:28:16.000Z,20.88,72.01,BuildingA_Floor2,TypeC
1053,2025-04-10T02:03:50.000Z,15.58,45.13,BuildingB_Floor1,TypeC
1017,2025-04-08T00:53:42.000Z,17.02,65.77,BuildingB_Floor1,TypeB
1000,2025-04-10T00:44:47.000Z,22.61,39.47,BuildingA_Floor2,TypeC
1021,2025-04-08T07:37:16.000Z,33.45,62.36,BuildingB_Floor2,TypeC
1067,2025-04-06T05:25:18.000Z,25.16,50.72,BuildingB_Floor1,TypeB
1058,2025-04-10T08:43:43.000Z,19.76,57.82,BuildingB_Floor1,TypeB
1099,2025-04-08T20:34:44.000Z,24.97,34.78,BuildingB_Floor2,TypeA
1097,2025-04-07T13:18:34.000Z,20.65,47.69,BuildingB_Floor1,TypeA
1022,2025-04-10T04:57:11.000Z,22.23,52.89,BuildingB_Floor2,TypeB
1017,2025-04-10T07:49:27.000Z,20.5,46.76,BuildingB_Floor1,TypeB
1010,2025-04-09T18:03:35.000Z,29.86,69.4,BuildingB_Floor2,TypeC
1085,2025-04-06T08:43:57.000Z,28.28,64.35,BuildingA_Floor2,TypeB
1042,2025-04-10T10:20:31.000Z,15.02,75.62,BuildingB_Floor1,TypeA
1032,2025-04-09T04:32:50.000Z,17.65,38.0,BuildingA_Floor2,TypeC
1053,2025-04-06T14:23:27.000Z,16.22,42.38,BuildingA_Floor1,TypeC
1050,2025-04-09T07:33:05.000Z,24.85,54.12,BuildingB_Floor2,TypeC
1080,2025-04-09T07:23:27.000Z,28.09,70.58,BuildingA_Floor2,TypeA
1031,2025-04-07T14:15:36.000Z,17.55,66.75,BuildingB_Floor2,TypeC
1090,2025-04-08T20:34:16.000Z,16.36,52.45,BuildingA_Floor1,TypeB
1030,2025-04-08T23:00:21.000Z,23.21,63.31,BuildingA_Floor2,TypeA
1097,2025-04-06T08:28:24.000Z,25.23,50.32,BuildingA_Floor2,TypeB
1012,2025-04-07T17:11:37.000Z,15.08,48.99,BuildingB_Floor1,TypeC
1007,2025-04-06T18:34:13.000Z,26.53,31.94,BuildingB_Floor1,TypeC
1013,2025-04-07T15:16:13.000Z,30.25,73.9,BuildingA_Floor2,TypeB
1008,2025-04-07T15:13:24.000Z,16.06,59.94,BuildingB_Floor1,TypeB
1098,2025-04-09T19:59:13.000Z,26.82,41.12,BuildingA_Floor1,TypeA
1048,2025-04-08T19:05:23.000Z,22.35,78.94,BuildingB_Floor2,TypeC
1030,2025-04-10T21:25:58.000Z,22.65,31.04,BuildingB_Floor1,TypeA
1005,2025-04-06T23:13:02.000Z,25.33,67.12,BuildingB_Floor1,TypeB
1006,2025-04-06T05:50:59.000Z,33.71,34.95,BuildingA_Floor2,TypeB
1067,2025-04-07T21:10:11.000Z,26.34,59.79,BuildingB_Floor1,TypeC
1078,2025-04-09T04:06:38.000Z,18.74,48.65,BuildingB_Floor1,TypeC
1056,2025-04-09T05:51:08.000Z,25.67,69.6,BuildingA_Floor2,TypeA
1006,2025-04-11T03:11:10.000Z,25.22,78.33,BuildingB_Floor2,TypeB
1029,2025-04-10T12:04:58.000Z,16.97,61.67,BuildingB_Floor1,TypeC
1042,2025-04-08T03:20:36.000Z,24.99,33.71,BuildingA_Floor1,TypeC
1039,2025-04-06T03:29:27.000Z,20.83,37.73,BuildingB_Floor2,TypeA
1095,2025-04-07T16:11:39.000Z,22.28,48.24,BuildingB_Floor1,TypeA
1094,2025-04-09T11:09:17.000Z,26.53,39.28,BuildingA_Floor1,TypeC
1088,2025-04-06T05:58:57.000Z,34.84,47.12,BuildingB_Floor2,TypeB
1052,2025-04-06T08:33:59.000Z,15.33,47.8,BuildingA_Floor2,TypeB
1070,2025-04-07T06:00:43.000Z,18.25,40.79,BuildingA_Floor1,TypeA
1039,2025-04-07T11:23:17.000Z,28.53,33.05,BuildingB_Floor2,TypeB
1065,2025-04-08T05:55:18.000Z,16.35,61.22,BuildingB_Floor2,TypeC
1032,2025-04-06T09:36:56.000Z,15.26,44.4,BuildingB_Floor1,TypeB
1025,2025-04-07T13:13:31.000Z,30.64,30.47,BuildingB_Floor2,TypeB
1100,2025-04-10T16:02:38.000Z,29.3,68.8,BuildingA_Floor2,TypeB
1100,2025-04-09T18:04:16.000Z,27.38,34.59,BuildingA_Floor2,TypeC
1032,2025-04-08T02:42:47.000Z,32.8,64.87,BuildingB_Floor2,TypeB
1039,2025-04-09T03:48:39.000Z,34.6,57.27,BuildingB_Floor1,TypeC
1092,2025-04-06T21:38:40.000Z,23.76,72.63,BuildingB_Floor1,TypeB
1049,2025-04-11T02:52:44.000Z,31.97,48.98,BuildingA_Floor2,TypeB
1038,2025-04-06T05:54:21.000Z,34.5,57.36,BuildingA_Floor1,TypeC
1056,2025-04-07T21:21:55.000Z,32.9,49.17,BuildingA_Floor1,TypeC
1000,2025-04-07T19:19:22.000Z,16.27,43.95,BuildingA_Floor2,TypeC
1045,2025-04-08T10:59:41.000Z,19.89,76.13,BuildingB_Floor1,TypeA
1039,2025-04-08T23:38:27.000Z,18.36,54.9,BuildingA_Floor2,TypeB
1032,2025-04-09T07:22:00.000Z,15.08,31.79,BuildingB_Floor1,TypeC
1052,2025-04-06T07:05:25.000Z,20.97,42.55,BuildingA_Floor2,TypeB
1100,2025-04-10T20:29:13.000Z,16.16,50.32,BuildingA_Floor1,TypeA
1007,2025-04-07T07:20:04.000Z,32.22,37.34,BuildingB_Floor2,TypeB
1064,2025-04-06T23:48:19.000Z,21.06,64.41,BuildingA_Floor1,TypeC
1100,2025-04-07T10:00:24.000Z,19.6,66.75,BuildingB_Floor1,TypeA
1003,2025-04-10T23:59:20.000Z,29.0,76.59,BuildingB_Floor1,TypeB
1016,2025-04-06T09:10:19.000Z,19.81,63.25,BuildingB_Floor1,TypeA
1045,2025-04-07T01:05:49.000Z,15.96,40.44,BuildingB_Floor2,TypeC
1008,2025-04-07T19:53:31.000Z,27.52,57.0,BuildingA_Floor2,TypeC
1025,2025-04-10T05:52:52.000Z,16.06,64.64,BuildingB_Floor2,TypeB
1071,2025-04-07T06:28:07.000Z,22.17,71.12,BuildingB_Floor2,TypeC
1062,2025-04-06T18:37:50.000Z,20.22,48.25,BuildingA_Floor1,TypeB
1066,2025-04-07T21:33:41.000Z,19.91,54.45,BuildingB_Floor2,TypeB
1032,2025-04-07T01:36:56.000Z,15.85,42.83,BuildingA_Floor1,TypeA
1063,2025-04-10T18:16:08.000Z,30.34,72.07,BuildingA_Floor2,TypeB
1053,2025-04-09T17:41:00.000Z,23.32,40.09,BuildingA_Floor1,TypeB
1033,2025-04-08T03:20:14.000Z,32.73,44.73,BuildingA_Floor2,TypeB
1086,2025-04-10T07:27:19.000Z,31.86,65.1,BuildingB_Floor1,TypeC
1026,2025-04-08T01:14:54.000Z,30.69,59.82,BuildingA_Floor2,TypeA
1045,2025-04-09T16:34:50.000Z,29.06,35.46,BuildingB_Floor1,TypeA
1054,2025-04-10T13:55:12.000Z,33.27,60.29,BuildingB_Floor2,TypeA
1028,2025-04-06T16:32:48.000Z,16.78,51.4,BuildingA_Floor2,TypeC
1036,2025-04-08T06:48:24.000Z,20.31,46.82,BuildingB_Floor1,TypeA
1000,2025-04-10T23:24:45.000Z,16.32,46.54,BuildingA_Floor2,TypeC
1040,2025-04-08T01:31:40.000Z,25.63,67.64,BuildingB_Floor2,TypeB
1033,2025-04-11T00:23:10.000Z,31.41,47.1,BuildingB_Floor1,TypeC
1002,2025-04-09T05:04:50.000Z,30.01,59.04,BuildingA_Floor2,TypeA
1087,2025-04-08T18:09:01.000Z,27.16,74.75,BuildingA_Floor2,TypeA
1025,2025-04-07T12:41:12.000Z,27.8,37.22,BuildingB_Floor1,TypeB
1087,2025-04-10T11:55:00.000Z,26.53,32.33,BuildingB_Floor2,TypeA
1089,2025-04-09T17:05:51.000Z,23.71,38.3,BuildingA_Floor1,TypeB
1075,2025-04-10T14:42:01.000Z,34.66,53.17,BuildingB_Floor1,TypeC
1014,2025-04-10T13:17:22.000Z,33.97,44.85,BuildingA_Floor2,TypeC
1057,2025-04-10T18:58:08.000Z,33.95,40.97,BuildingB_Floor2,TypeB
1068,2025-04-09T13:45:04.000Z,29.47,70.78,BuildingB_Floor2,TypeB
1074,2025-04-11T02:47:01.000Z,15.42,39.18,BuildingB_Floor1,TypeC
1046,2025-04-07T21:22:26.000Z,23.47,70.37,BuildingB_Floor1,TypeC
1054,2025-04-06T07:41:53.000Z,28.76,43.78,BuildingA_Floor2,TypeA
1077,2025-04-06T19:57:07.000Z,17.32,69.0,BuildingA_Floor1,TypeA
1073,2025-04-06T15:46:12.000Z,25.94,75.26,BuildingB_Floor2,TypeC
1031,2025-04-07T21:27:12.000Z,21.82,35.76,BuildingB_Floor2,TypeB
1040,2025-04-07T10:52:30.000Z,20.21,45.37,BuildingA_Floor1,TypeB
1033,2025-04-08T22:55:52.000Z,17.45,42.33,BuildingA_Floor2,TypeC
1096,2025-04-09T01:35:25.000Z,33.93,49.33,BuildingA_Floor1,TypeC
1042,2025-04-06T20:57:00.000Z,19.32,63.47,BuildingA_Floor1,TypeC
1044,2025-04-06T10:14:40.000Z,30.71,71.0,BuildingB_Floor1,TypeA
1020,2025-04-07T14:31:38.000Z,15.66,57.66,BuildingA_Floor2,TypeC
1089,2025-04-07T12:58:18.000Z,26.69,59.81,BuildingA_Floor1,TypeC
1003,2025-04-09T18:45:26.000Z,21.75,73.77,BuildingB_Floor2,TypeA
1021,2025-04-10T08:05:29.000Z,20.67,61.91,BuildingB_Floor1,TypeB
1036,2025-04-07T02:21:12.000Z,15.39,38.29,BuildingB_Floor2,TypeC
1059,2025-04-08T09:40:15.000Z,20.12,33.23,BuildingB_Floor2,TypeC
1062,2025-04-08T05:30:50.000Z,17.64,35.72,BuildingB_Floor1,TypeB
1071,2025-04-10T06:53:04.000Z,33.86,40.54,BuildingA_Floor1,TypeB
1096,2025-04-10T17:20:25.000Z,24.67,73.85,BuildingB_Floor2,TypeA
1011,2025-04-08T10:06:42.000Z,15.24,38.18,BuildingA_Floor1,TypeC
1081,2025-04-08T11:10:15.000Z,20.65,54.95,BuildingA_Floor1,TypeA
1049,2025-04-09T16:55:56.000Z,19.1,30.35,BuildingB_Floor1,TypeC
1041,2025-04-09T11:20:02.000Z,34.42,38.76,BuildingB_Floor2,TypeB
1004,2025-04-10T16:57:52.000Z,23.88,69.59,BuildingA_Floor2,TypeC
1008,2025-04-10T04:03:36.000Z,29.68,70.88,BuildingA_Floor2,TypeC
1071,2025-04-07T21:37:20.000Z,26.77,39.36,BuildingA_Floor1,TypeA
1075,2025-04-09T11:09:43.000Z,33.97,60.04,BuildingA_Floor2,TypeB
1091,2025-04-06T08:35:39.000Z,20.01,75.4,BuildingB_Floor1,TypeC
1005,2025-04-09T15:07:06.000Z,30.99,73.28,BuildingA_Floor2,TypeB
1015,2025-04-08T09:06:52.000Z,24.66,40.76,BuildingB_Floor1,TypeC
1066,2025-04-10T09:22:51.000Z,21.93,76.41,BuildingA_Floor1,TypeC
1011,2025-04-06T15:09:12.000Z,19.11,66.49,BuildingA_Floor1,TypeA
1020,2025-04-08T23:59:58.000Z,15.88,56.91,BuildingA_Floor2,TypeC
1003,2025-04-06T10:30:05.000Z,24.15,75.98,BuildingB_Floor1,TypeC
1026,2025-04-10T07:31:55.000Z,17.35,59.26,BuildingB_Floor1,TypeB
1029,2025-04-08T05:44:34.000Z,21.24,72.55,BuildingA_Floor2,TypeA
1022,2025-04-10T01:05:45.000Z,17.04,70.62,BuildingA_Floor2,TypeA
1100,2025-04-09T07:25:42.000Z,29.39,34.78,BuildingB_Floor2,TypeC
1031,2025-04-08T12:32:27.000Z,29.65,35.6,BuildingA_Floor1,TypeC
1028,2025-04-09T14:27:21.000Z,31.68,61.85,BuildingB_Floor2,TypeB
1028,2025-04-07T17:51:25.000Z,22.97,59.0,BuildingA_Floor2,TypeC
1080,2025-04-08T00:03:45.000Z,16.77,53.14,BuildingB_Floor2,TypeB
1049,2025-04-08T02:09:04.000Z,21.39,77.06,BuildingA_Floor1,TypeC
1083,2025-04-10T08:17:06.000Z,23.92,66.45,BuildingB_Floor1,TypeB
1064,2025-04-09T02:21:17.000Z,18.16,40.94,BuildingA_Floor2,TypeA
1092,2025-04-09T03:00:20.000Z,20.8,45.04,BuildingB_Floor2,TypeC
1031,2025-04-10T11:03:44.000Z,30.33,30.4,BuildingA_Floor2,TypeA
1053,2025-04-09T20:39:36.000Z,17.61,33.94,BuildingA_Floor1,TypeA
1087,2025-04-06T07:34:09.000Z,15.0,62.39,BuildingA_Floor1,TypeB
1048,2025-04-10T03:46:54.000Z,17.94,74.91,BuildingA_Floor2,TypeA
1050,2025-04-06T12:24:03.000Z,16.39,42.73,BuildingA_Floor2,TypeA
1052,2025-04-10T00:13:24.000Z,16.52,58.15,BuildingA_Floor2,TypeC
1091,2025-04-10T20:59:09.000Z,27.05,34.84,BuildingA_Floor1,TypeB
1024,2025-04-08T14:11:12.000Z,16.9,43.48,BuildingB_Floor1,TypeC
1074,2025-04-09T05:01:10.000Z,18.81,44.56,BuildingB_Floor2,TypeC
1095,2025-04-07T16:26:09.000Z,34.66,67.34,BuildingA_Floor1,TypeB
1036,2025-04-07T12:26:18.000Z,25.79,79.21,BuildingA_Floor2,TypeB
1042,2025-04-06T04:37:46.000Z,20.84,31.38,BuildingA_Floor2,TypeC
1042,2025-04-09T19:47:58.000Z,20.25,51.08,BuildingB_Floor2,TypeB
1069,2025-04-06T04:46:42.000Z,26.97,56.38,BuildingB_Floor2,TypeA
1054,2025-04-06T23:54:12.000Z,18.04,39.17,BuildingA_Floor1,TypeB
1011,2025-04-08T21:55:41.000Z,33.08,31.98,BuildingA_Floor1,TypeC
1078,2025-04-08T12:52:53.000Z,26.79,72.36,BuildingB_Floor1,TypeC
1050,2025-04-10T18:55:39.000Z,17.97,39.33,BuildingB_Floor2,TypeC
1078,2025-04-10T11:46:05.000Z,28.46,34.87,BuildingA_Floor1,TypeA
1034,2025-04-06T07:57:30.000Z,26.82,73.12,BuildingA_Floor1,TypeA
1039,2025-04-11T02:34:06.000Z,19.77,46.43,BuildingB_Floor2,TypeA
1023,2025-04-10T22:17:44.000Z,30.85,33.14,BuildingA_Floor2,TypeA
1064,2025-04-08T05:30:52.000Z,18.86,78.17,BuildingA_Floor2,TypeC
1041,2025-04-09T06:58:50.000Z,17.88,33.12,BuildingB_Floor2,TypeC
1095,2025-04-09T21:47:29.000Z,26.18,77.89,BuildingA_Floor1,TypeC
1021,2025-04-10T23:38:02.000Z,16.73,73.99,BuildingB_Floor1,TypeC
1056,2025-04-07T19:59:17.000Z,16.61,31.27,BuildingB_Floor2,TypeA
1070,2025-04-07T15:21:03.000Z,32.89,56.76,BuildingA_Floor1,TypeC
1038,2025-04-07T16:04:38.000Z,27.92,46.6,BuildingB_Floor2,TypeC
1017,2025-04-07T19:37:22.000Z,20.31,69.47,BuildingB_Floor1,TypeC
1018,2025-04-10T16:11:04.000Z,27.63,71.59,BuildingA_Floor2,TypeC
1100,2025-04-10T03:08:03.000Z,15.31,34.96,BuildingB_Floor1,TypeC
1073,2025-04-06T09:39:07.000Z,22.62,39.85,BuildingA_Floor1,TypeA
1066,2025-04-10T20:37:42.000Z,25.68,72.46,BuildingA_Floor1,TypeB
1000,2025-04-06T14:26:04.000Z,18.04,47.98,BuildingA_Floor2,TypeA
1006,2025-04-10T23:25:53.000Z,18.13,62.72,BuildingA_Floor1,TypeA
1029,2025-04-09T08:36:12.000Z,33.53,31.47,BuildingB_Floor1,TypeC
1082,2025-04-08T01:00:11.000Z,19.58,58.5,BuildingB_Floor2,TypeA
1020,2025-04-07T13:17:15.000Z,16.08,74.11,BuildingA_Floor2,TypeA
1083,2025-04-10T08:29:42.000Z,25.45,78.95,BuildingB_Floor1,TypeB
1016,2025-04-06T07:00:49.000Z,33.11,59.14,BuildingB_Floor2,TypeA
1060,2025-04-09T09:30:42.000Z,19.35,55.44,BuildingA_Floor1,TypeA
1083,2025-04-09T21:00:28.000Z,17.13,37.93,BuildingB_Floor1,TypeB
1052,2025-04-07T21:16:28.000Z,25.19,69.48,BuildingA_Floor1,TypeB
1090,2025-04-06T04:18:27.000Z,29.14,78.38,BuildingA_Floor2,TypeB
1009,2025-04-06T15:02:38.000Z,25.87,74.01,BuildingA_Floor1,TypeC
1044,2025-04-10T10:44:04.000Z,27.75,64.33,BuildingB_Floor2,TypeA
1087,2025-04-10T14:07:09.000Z,20.88,63.86,BuildingA_Floor1,TypeA
1037,2025-04-10T01:03:05.000Z,32.0,74.36,BuildingA_Floor1,TypeB
1038,2025-04-07T11:53:40.000Z,24.64,79.03,BuildingB_Floor2,TypeB
1003,2025-04-09T01:00:09.000Z,26.94,69.45,BuildingB_Floor1,TypeC
1036,2025-04-09T16:33:26.000Z,19.97,46.44,BuildingA_Floor2,TypeB
1099,2025-04-10T07:27:35.000Z,20.93,51.15,BuildingB_Floor1,TypeC
1084,2025-04-06T13:32:34.000Z,20.48,41.52,BuildingB_Floor2,TypeA
1038,2025-04-08T18:26:53.000Z,22.82,60.96,BuildingB_Floor1,TypeA
1038,2025-04-08T04:41:52.000Z,32.75,49.48,BuildingA_Floor2,TypeB
1008,2025-04-08T05:32:24.000Z,21.06,73.48,BuildingA_Floor1,TypeB
1007,2025-04-10T05:15:42.000Z,30.57,52.16,BuildingB_Floor2,TypeC
1024,2025-04-10T08:24:28.000Z,16.76,30.92,BuildingA_Floor1,TypeB
1009,2025-04-10T17:50:34.000Z,24.84,36.57,BuildingB_Floor1,TypeB
1000,2025-04-07T08:53:03.000Z,25.62,64.74,BuildingA_Floor1,TypeA
1000,2025-04-07T22:40:31.000Z,26.05,31.85,BuildingB_Floor1,TypeA
1070,2025-04-08T21:41:15.000Z,19.46,58.82,BuildingA_Floor2,TypeC
1002,2025-04-06T15:10:58.000Z,18.25,59.71,BuildingB_Floor1,TypeC
1071,2025-04-06T03:18:26.000Z,34.69,70.23,BuildingB_Floor1,TypeC
1023,2025-04-07T20:27:01.000Z,27.07,68.14,BuildingB_Floor1,TypeB
1019,2025-04-06T19:09:32.000Z,26.82,35.97,BuildingA_Floor1,TypeA
1061,2025-04-10T05:47:57.000Z,22.04,78.82,BuildingA_Floor2,TypeB
1095,2025-04-09T20:25:20.000Z,16.97,50.73,BuildingB_Floor2,TypeC
1097,2025-04-07T18:24:06.000Z,17.59,52.67,BuildingB_Floor1,TypeC
1051,2025-04-11T01:46:41.000Z,30.19,67.11,BuildingB_Floor1,TypeA
1099,2025-04-06T06:47:32.000Z,18.52,76.31,BuildingB_Floor2,TypeC
1007,2025-04-09T13:26:39.000Z,22.29,54.38,BuildingA_Floor2,TypeC
1047,2025-04-07T00:33:01.000Z,22.07,76.48,BuildingA_Floor1,TypeB
1097,2025-04-06T07:39:37.000Z,24.27,59.47,BuildingB_Floor1,TypeA
1012,2025-04-08T14:13:48.000Z,29.16,59.93,BuildingA_Floor2,TypeA
1083,2025-04-09T05:46:09.000Z,30.11,34.89,BuildingA_Floor2,TypeA
1010,2025-04-10T11:53:59.000Z,27.77,33.87,BuildingA_Floor2,TypeB
1004,2025-04-10T02:05:35.000Z,32.29,60.04,BuildingA_Floor2,TypeB
1030,2025-04-10T14:54:26.000Z,20.59,56.81,BuildingB_Floor2,TypeA
1005,2025-04-07T18:08:19.000Z,26.61,32.24,BuildingA_Floor1,TypeB
1047,2025-04-09T11:31:24.000Z,25.94,37.96,BuildingA_Floor1,TypeA
1056,2025-04-08T11:48:50.000Z,17.57,69.86,BuildingB_Floor2,TypeA
1026,2025-04-10T04:14:22.000Z,20.65,36.08,BuildingB_Floor1,TypeB
1025,2025-04-06T04:39:33.000Z,23.15,67.68,BuildingB_Floor2,TypeB
1016,2025-04-08T16:33:13.000Z,16.72,70.69,BuildingB_Floor1,TypeB
1085,2025-04-08T06:14:02.000Z,15.25,32.35,BuildingB_Floor2,TypeC
1090,2025-04-09T14:44:13.000Z,26.18,77.79,BuildingA_Floor1,TypeA
1028,2025-04-06T16:28:14.000Z,25.98,53.98,BuildingA_Floor2,TypeC
1089,2025-04-10T03:47:42.000Z,29.43,46.21,BuildingA_Floor1,TypeA
1025,2025-04-06T07:05:16.000Z,23.9,43.81,BuildingA_Floor2,TypeB
1055,2025-04-08T22:58:45.000Z,20.8,45.48,BuildingA_Floor2,TypeB
1013,2025-04-10T08:34:53.000Z,32.47,38.84,BuildingA_Floor2,TypeA
1067,2025-04-06T20:55:35.000Z,22.46,47.47,BuildingA_Floor1,TypeB
1021,2025-04-08T08:20:15.000Z,23.37,65.68,BuildingA_Floor1,TypeB
1083,2025-04-08T07:12:21.000Z,32.33,52.96,BuildingA_Floor2,TypeC
1018,2025-04-09T19:07:11.000Z,27.32,42.55,BuildingB_Floor2,TypeB
1019,2025-04-06T10:48:29.000Z,24.95,33.79,BuildingA_Floor2,TypeC
1066,2025-04-10T19:18:37.000Z,19.36,52.92,BuildingA_Floor1,TypeB
1044,2025-04-08T12:32:38.000Z,19.93,37.06,BuildingB_Floor2,TypeB
1081,2025-04-07T20:49:30.000Z,21.07,53.61,BuildingA_Floor2,TypeB
1088,2025-04-07T13:14:06.000Z,24.98,41.35,BuildingB_Floor1,TypeC
1036,2025-04-08T20:34:39.000Z,34.19,76.73,BuildingA_Floor2,TypeB
1038,2025-04-09T18:39:45.000Z,22.19,70.22,BuildingA_Floor1,TypeB
1003,2025-04-09T09:57:41.000Z,17.99,63.9,BuildingB_Floor1,TypeC
1074,2025-04-09T06:44:02.000Z,26.06,62.79,BuildingB_Floor2,TypeA
1012,2025-04-09T19:16:43.000Z,34.02,68.57,BuildingA_Floor1,TypeB
1095,2025-04-06T17:44:46.000Z,30.6,44.96,BuildingA_Floor1,TypeA
1056,2025-04-06T06:25:23.000Z,30.49,46.99,BuildingA_Floor1,TypeC
1087,2025-04-07T15:01:30.000Z,29.58,42.06,BuildingB_Floor1,TypeC
1048,2025-04-07T07:21:41.000Z,21.89,64.69,BuildingA_Floor1,TypeA
1086,2025-04-07T01:00:06.000Z,18.73,51.49,BuildingA_Floor1,TypeC
1079,2025-04-09T12:05:45.000Z,28.08,46.69,BuildingA_Floor1,TypeB
1100,2025-04-09T05:08:25.000Z,32.07,62.18,BuildingA_Floor1,TypeB
1015,2025-04-08T12:50:05.000Z,34.62,59.17,BuildingB_Floor2,TypeA
1051,2025-04-10T12:47:20.000Z,19.21,51.22,BuildingA_Floor2,TypeA
1046,2025-04-06T07:29:13.000Z,20.01,32.53,BuildingA_Floor2,TypeA
1081,2025-04-07T17:20:29.000Z,18.14,62.54,BuildingA_Floor1,TypeB
1023,2025-04-07T17:59:40.000Z,26.96,71.24,BuildingB_Floor1,TypeA
1023,2025-04-08T21:39:42.000Z,29.72,34.11,BuildingB_Floor1,TypeB
1047,2025-04-09T16:40:44.000Z,28.79,34.69,BuildingA_Floor1,TypeC
1031,2025-04-08T21:08:31.000Z,16.83,54.38,BuildingA_Floor2,TypeB
1040,2025-04-08T06:32:15.000Z,21.94,43.49,BuildingA_Floor2,TypeB
1096,2025-04-08T00:19:15.000Z,16.97,63.04,BuildingA_Floor2,TypeC
1068,2025-04-10T00:21:21.000Z,26.15,38.36,BuildingA_Floor2,TypeC
1031,2025-04-10T03:52:32.000Z,21.59,75.53,BuildingA_Floor1,TypeB
1073,2025-04-08T01:17:03.000Z,19.24,76.1,BuildingB_Floor1,TypeA
1009,2025-04-08T09:29:58.000Z,21.99,32.44,BuildingA_Floor1,TypeA
1031,2025-04-09T22:38:56.000Z,27.18,62.0,BuildingB_Floor2,TypeB
1083,2025-04-07T13:52:40.000Z,34.19,64.25,BuildingA_Floor1,TypeB
1031,2025-04-09T04:02:52.000Z,29.46,79.49,BuildingB_Floor2,TypeC
1085,2025-04-06T12:31:51.000Z,17.93,68.43,BuildingA_Floor1,TypeA
1009,2025-04-07T19:15:54.000Z,26.97,65.33,BuildingA_Floor1,TypeB
1100,2025-04-09T02:35:43.000Z,24.0,72.69,BuildingA_Floor1,TypeC
1031,2025-04-09T20:40:13.000Z,28.36,53.68,BuildingB_Floor2,TypeC
1076,2025-04-06T22:19:57.000Z,31.16,47.84,BuildingB_Floor2,TypeC
1051,2025-04-08T18:13:15.000Z,18.9,77.5,BuildingA_Floor1,TypeB
1079,2025-04-10T15:41:28.000Z,29.81,47.38,BuildingA_Floor2,TypeA
1038,2025-04-09T20:00:00.000Z,23.86,56.49,BuildingB_Floor2,TypeB
1058,2025-04-06T14:58:49.000Z,15.34,39.07,BuildingA_Floor2,TypeB
1063,2025-04-07T04:56:39.000Z,20.59,65.56,BuildingA_Floor2,TypeB
1065,2025-04-09T17:52:43.000Z,26.51,74.69,BuildingB_Floor1,TypeA
1021,2025-04-08T08:01:49.000Z,34.92,62.22,BuildingB_Floor1,TypeC
1000,2025-04-08T16:58:19.000Z,19.13,64.59,BuildingA_Floor1,TypeA
1004,2025-04-08T02:43:42.000Z,34.28,43.72,BuildingB_Floor1,TypeB
1081,2025-04-09T08:36:14.000Z,33.2,66.47,BuildingB_Floor1,TypeC
1086,2025-04-07T04:43:08.000Z,18.69,68.88,BuildingA_Floor2,TypeB
1014,2025-04-09T00:26:46.000Z,28.78,40.27,BuildingB_Floor2,TypeB
1057,2025-04-07T05:43:59.000Z,33.07,69.52,BuildingA_Floor1,TypeA
1095,2025-04-09T20:32:02.000Z,22.27,61.5,BuildingB_Floor2,TypeC
1097,2025-04-08T04:06:23.000Z,27.99,40.04,BuildingB_Floor1,TypeB
1045,2025-04-07T10:04:15.000Z,28.39,78.85,BuildingB_Floor1,TypeA
1053,2025-04-09T07:48:26.000Z,30.74,58.82,BuildingB_Floor2,TypeA
1045,2025-04-09T03:21:46.000Z,26.57,37.41,BuildingB_Floor1,TypeC
1056,2025-04-08T05:50:13.000Z,30.81,40.98,BuildingA_Floor1,TypeB
1097,2025-04-08T08:36:07.000Z,18.84,33.34,BuildingA_Floor2,TypeA
1020,2025-04-09T11:00:12.000Z,26.88,76.49,BuildingB_Floor1,TypeC
1057,2025-04-07T01:50:33.000Z,30.5,69.45,BuildingB_Floor1,TypeA
1038,2025-04-06T12:15:45.000Z,25.92,31.19,BuildingB_Floor1,TypeC
1096,2025-04-07T05:40:56.000Z,20.26,39.39,BuildingA_Floor2,TypeC
1060,2025-04-10T02:20:32.000Z,34.29,36.16,BuildingA_Floor1,TypeB
1032,2025-04-08T07:36:03.000Z,19.36,61.71,BuildingA_Floor2,TypeC
1077,2025-04-10T04:22:23.000Z,24.04,33.1,BuildingB_Floor1,TypeA
1043,2025-04-06T18:01:24.000Z,23.63,71.8,BuildingA_Floor2,TypeA
1008,2025-04-07T13:02:18.000Z,22.06,30.58,BuildingA_Floor2,TypeB
1002,2025-04-06T05:03:50.000Z,25.93,41.83,BuildingB_Floor1,TypeA
1068,2025-04-09T09:47:04.000Z,30.96,45.84,BuildingA_Floor1,TypeA
1036,2025-04-06T19:08:46.000Z,29.89,69.72,BuildingA_Floor1,TypeC
1049,2025-04-08T01:59:37.000Z,23.69,77.73,BuildingA_Floor1,TypeA
1097,2025-04-10T13:20:58.000Z,34.11,52.12,BuildingA_Floor2,TypeA
1098,2025-04-10T07:42:27.000Z,23.52,78.16,BuildingA_Floor1,TypeA
1016,2025-04-07T07:36:43.000Z,16.88,41.62,BuildingB_Floor1,TypeA
1051,2025-04-09T01:18:37.000Z,22.74,77.76,BuildingB_Floor2,TypeC
1089,2025-04-09T11:34:25.000Z,20.52,60.57,BuildingA_Floor2,TypeA
1077,2025-04-07T09:53:24.000Z,33.06,79.22,BuildingA_Floor2,TypeA
1094,2025-04-06T08:21:18.000Z,30.07,49.78,BuildingA_Floor1,TypeA
1048,2025-04-09T04:10:44.000Z,28.82,41.96,BuildingA_Floor2,TypeB
1062,2025-04-09T16:38:57.000Z,32.37,61.77,BuildingB_Floor2,TypeC
1085,2025-04-06T04:55:29.000Z,20.2,38.19,BuildingA_Floor1,TypeB
1043,2025-04-10T07:33:31.000Z,31.41,76.54,BuildingA_Floor2,TypeC
1028,2025-04-06T07:01:06.000Z,19.96,51.38,BuildingB_Floor1,TypeC
1048,2025-04-10T23:19:39.000Z,27.85,40.54,BuildingB_Floor1,TypeB
1053,2025-04-09T12:52:18.000Z,24.21,34.72,BuildingB_Floor2,TypeC
1021,2025-04-09T14:36:48.000Z,28.9,51.08,BuildingA_Floor2,TypeC
1052,2025-04-06T04:12:20.000Z,30.9,32.05,BuildingB_Floor2,TypeB
1056,2025-04-07T23:21:20.000Z,16.14,65.72,BuildingB_Floor2,TypeA
1095,2025-04-10T05:32:19.000Z,21.96,37.68,BuildingB_Floor2,TypeC
1094,2025-04-10T05:04:59.000Z,29.81,71.37,BuildingA_Floor1,TypeA
1043,2025-04-10T03:19:41.000Z,18.65,41.71,BuildingA_Floor1,TypeA
1072,2025-04-07T02:33:45.000Z,18.22,47.84,BuildingB_Floor2,TypeC
1037,2025-04-09T00:39:13.000Z,27.09,66.01,BuildingB_Floor2,TypeA
1069,2025-04-11T03:13:36.000Z,18.84,40.4,BuildingA_Floor2,TypeA
1034,2025-04-10T22:12:02.000Z,17.91,71.59,BuildingB_Floor2,TypeA
1063,2025-04-10T02:08:59.000Z,25.66,67.19,BuildingA_Floor2,TypeA
1028,2025-04-09T15:20:17.000Z,15.98,75.27,BuildingB_Floor2,TypeB
1083,2025-04-10T09:12:55.000Z,32.56,45.01,BuildingA_Floor1,TypeC
1038,2025-04-08T11:54:04.000Z,25.39,74.76,BuildingB_Floor1,TypeC
1004,2025-04-07T08:41:26.000Z,25.54,37.46,BuildingB_Floor2,TypeA
1086,2025-04-10T00:50:01.000Z,29.58,60.03,BuildingA_Floor1,TypeB
1058,2025-04-10T04:53:53.000Z,16.7,34.99,BuildingB_Floor2,TypeA
1096,2025-04-09T19:27:10.000Z,23.84,66.23,BuildingB_Floor1,TypeA
1073,2025-04-07T03:29:07.000Z,19.72,30.57,BuildingB_Floor1,TypeB
1011,2025-04-10T16:38:11.000Z,17.33,39.8,BuildingB_Floor2,TypeB
1089,2025-04-09T18:34:45.000Z,15.46,77.74,BuildingA_Floor1,TypeA
1043,2025-04-08T16:19:46.000Z,17.43,67.47,BuildingA_Floor2,TypeA
1037,2025-04-07T19:52:01.000Z,18.42,31.27,BuildingB_Floor2,TypeB
1023,2025-04-10T06:24:34.000Z,15.31,34.49,BuildingA_Floor2,TypeC
1047,2025-04-10T17:52:04.000Z,26.56,41.62,BuildingA_Floor2,TypeB
1017,2025-04-06T04:05:01.000Z,26.01,71.88,BuildingB_Floor1,TypeC
1045,2025-04-08T08:08:05.000Z,29.52,42.73,BuildingA_Floor2,TypeB
1071,2025-04-07T11:36:23.000Z,33.06,49.1,BuildingA_Floor2,TypeA
1065,2025-04-09T16:30:48.000Z,21.92,56.11,BuildingB_Floor1,TypeA
1018,2025-04-07T11:30:55.000Z,21.84,37.74,BuildingB_Floor2,TypeB
1077,2025-04-07T20:39:36.000Z,23.3,54.3,BuildingB_Floor2,TypeB
1010,2025-04-09T09:55:37.000Z,27.63,47.83,BuildingB_Floor1,TypeB
1042,2025-04-08T22:30:28.000Z,23.71,31.86,BuildingA_Floor2,TypeC
1048,2025-04-10T11:22:50.000Z,19.3,66.11,BuildingA_Floor1,TypeB
1032,2025-04-10T15:58:44.000Z,31.49,77.61,BuildingA_Floor1,TypeB
1060,2025-04-09T12:36:08.000Z,26.08,54.11,BuildingB_Floor2,TypeB
1001,2025-04-10T05:34:11.000Z,23.26,59.51,BuildingA_Floor1,TypeC
1074,2025-04-06T15:20:47.000Z,31.5,65.55,BuildingB_Floor1,TypeB
1045,2025-04-07T21:12:01.000Z,17.01,37.89,BuildingA_Floor1,TypeC
1050,2025-04-08T08:47:43.000Z,29.79,46.63,BuildingA_Floor2,TypeA
1003,2025-04-10T22:33:07.000Z,17.44,42.5,BuildingB_Floor1,TypeC
1090,2025-04-10T04:57:25.000Z,22.42,60.33,BuildingB_Floor1,TypeC
1041,2025-04-08T03:06:52.000Z,34.69,79.85,BuildingA_Floor2,TypeC
1038,2025-04-08T14:25:47.000Z,16.53,76.06,BuildingA_Floor1,TypeA
1028,2025-04-10T02:41:48.000Z,21.63,33.93,BuildingA_Floor2,TypeB
1043,2025-04-06T22:37:42.000Z,34.3,40.62,BuildingA_Floor2,TypeC
1075,2025-04-06T19:45:18.000Z,31.41,39.68,BuildingB_Floor2,TypeB
1019,2025-04-09T05:07:09.000Z,32.27,34.31,BuildingB_Floor1,TypeB
1025,2025-04-09T20:15:04.000Z,18.36,67.24,BuildingA_Floor2,TypeB
1088,2025-04-08T07:29:27.000Z,15.64,47.19,BuildingB_Floor1,TypeB
1027,2025-04-09T18:12:44.000Z,20.39,76.68,BuildingB_Floor1,TypeC
1083,2025-04-07T08:43:53.000Z,20.29,73.58,BuildingA_Floor2,TypeB
1095,2025-04-07T04:20:02.000Z,19.76,74.36,BuildingA_Floor2,TypeC
1053,2025-04-07T00:22:48.000Z,19.39,47.42,BuildingB_Floor1,TypeA
1035,2025-04-07T07:13:05.000Z,22.04,39.72,BuildingA_Floor1,TypeB
1057,2025-04-09T12:11:09.000Z,26.9,58.62,BuildingA_Floor2,TypeA
1067,2025-04-06T08:51:10.000Z,25.62,67.31,BuildingA_Floor1,TypeA
1091,2025-04-07T13:39:59.000Z,24.17,56.67,BuildingA_Floor1,TypeC
1010,2025-04-08T01:20:17.000Z,25.62,31.33,BuildingB_Floor2,TypeB
1009,2025-04-09T15:10:24.000Z,18.89,69.43,BuildingA_Floor1,TypeC
1023,2025-04-07T05:18:20.000Z,34.45,57.5,BuildingB_Floor1,TypeB
1019,2025-04-09T16:21:01.000Z,18.21,56.43,BuildingB_Floor2,TypeB
1062,2025-04-06T14:31:17.000Z,21.67,76.95,BuildingA_Floor1,TypeB
1047,2025-04-07T16:58:49.000Z,25.4,57.17,BuildingA_Floor1,TypeA
1085,2025-04-09T00:34:42.000Z,32.62,34.31,BuildingB_Floor1,TypeC
1039,2025-04-10T16:02:11.000Z,24.77,77.36,BuildingA_Floor2,TypeB
1076,2025-04-07T18:51:52.000Z,18.78,58.07,BuildingA_Floor2,TypeA
1026,2025-04-10T14:03:29.000Z,18.87,70.5,BuildingA_Floor1,TypeB
1057,2025-04-06T08:27:20.000Z,26.75,71.71,BuildingA_Floor2,TypeB
1083,2025-04-09T18:55:46.000Z,22.84,41.07,BuildingA_Floor2,TypeB
1088,2025-04-07T00:23:51.000Z,21.65,69.62,BuildingB_Floor2,TypeA
1013,2025-04-10T16:17:40.000Z,24.06,77.06,BuildingB_Floor2,TypeB
1017,2025-04-10T00:53:02.000Z,17.62,76.79,BuildingB_Floor2,TypeB
1090,2025-04-07T22:53:44.000Z,21.73,37.0,BuildingA_Floor2,TypeC
1021,2025-04-07T05:28:18.000Z,17.41,75.14,BuildingB_Floor2,TypeC
1096,2025-04-10T17:20:33.000Z,34.21,30.22,BuildingB_Floor2,TypeC
1072,2025-04-10T08:03:52.000Z,34.23,49.86,BuildingA_Floor2,TypeA
1049,2025-04-07T22:35:36.000Z,17.61,30.07,BuildingB_Floor2,TypeC
1038,2025-04-06T12:11:43.000Z,28.85,57.53,BuildingB_Floor2,TypeC
1085,2025-04-10T05:39:31.000Z,34.24,32.0,BuildingA_Floor1,TypeA
1080,2025-04-10T12:53:25.000Z,24.83,49.49,BuildingA_Floor1,TypeA
1002,2025-04-06T17:31:36.000Z,15.81,46.94,BuildingA_Floor2,TypeB
1038,2025-04-09T13:37:20.000Z,26.12,75.85,BuildingB_Floor1,TypeA
1072,2025-04-10T05:01:56.000Z,24.82,44.25,BuildingB_Floor2,TypeA
1092,2025-04-06T12:15:58.000Z,29.7,63.0,BuildingA_Floor2,TypeA
1007,2025-04-08T22:02:54.000Z,16.66,53.21,BuildingA_Floor2,TypeB
1067,2025-04-10T14:15:03.000Z,23.78,48.54,BuildingA_Floor2,TypeB
1049,2025-04-08T09:19:30.000Z,22.08,56.18,BuildingB_Floor2,TypeB
1005,2025-04-07T16:31:52.000Z,17.33,74.18,BuildingA_Floor2,TypeB
1000,2025-04-10T20:03:23.000Z,29.88,52.24,BuildingA_Floor2,TypeA
1091,2025-04-06T13:08:13.000Z,26.04,53.53,BuildingA_Floor1,TypeA
1080,2025-04-08T21:32:38.000Z,28.3,65.55,BuildingB_Floor1,TypeC
1089,2025-04-06T03:45:00.000Z,33.8,65.95,BuildingB_Floor1,TypeA
1049,2025-04-08T00:10:09.000Z,31.59,47.17,BuildingA_Floor2,TypeC
1086,2025-04-09T02:01:11.000Z,23.09,55.29,BuildingA_Floor2,TypeB
1024,2025-04-07T19:51:40.000Z,19.72,72.5,BuildingA_Floor1,TypeC
1065,2025-04-09T14:27:39.000Z,30.83,37.74,BuildingA_Floor1,TypeA
1029,2025-04-11T00:26:40.000Z,15.95,42.19,BuildingA_Floor2,TypeB
1060,2025-04-07T14:21:33.000Z,21.94,56.13,BuildingA_Floor2,TypeA
1008,2025-04-09T01:25:03.000Z,21.1,58.04,BuildingA_Floor1,TypeC
1045,2025-04-06T06:42:57.000Z,19.88,38.21,BuildingB_Floor1,TypeC
1038,2025-04-06T20:47:23.000Z,20.75,79.84,BuildingB_Floor2,TypeA
1047,2025-04-08T22:21:54.000Z,26.07,71.05,BuildingA_Floor2,TypeC
1091,2025-04-07T11:19:51.000Z,25.9,68.2,BuildingB_Floor2,TypeA
1080,2025-04-09T14:57:52.000Z,25.38,39.24,BuildingA_Floor1,TypeA
1081,2025-04-07T10:43:27.000Z,29.53,42.24,BuildingB_Floor2,TypeC
1032,2025-04-10T07:28:15.000Z,17.6,52.08,BuildingA_Floor2,TypeB
1079,2025-04-10T21:37:52.000Z,33.13,56.14,BuildingB_Floor1,TypeB
1091,2025-04-08T11:22:22.000Z,17.05,37.14,BuildingB_Floor1,TypeB
1058,2025-04-06T07:08:20.000Z,27.11,78.47,BuildingB_Floor1,TypeA
1077,2025-04-09T04:10:43.000Z,29.74,78.75,BuildingA_Floor1,TypeA
1074,2025-04-09T04:18:45.000Z,28.77,53.17,BuildingB_Floor2,TypeB
1065,2025-04-10T19:24:16.000Z,25.15,41.87,BuildingB_Floor1,TypeC
1024,2025-04-10T04:17:14.000Z,20.47,48.92,BuildingA_Floor1,TypeB
1043,2025-04-07T14:54:49.000Z,21.41,77.87,BuildingA_Floor1,TypeB
1062,2025-04-07T16:10:59.000Z,34.62,58.7,BuildingB_Floor1,TypeA
1100,2025-04-07T21:15:02.000Z,23.66,55.0,BuildingB_Floor2,TypeB
1046,2025-04-08T19:34:30.000Z,33.44,76.15,BuildingA_Floor1,TypeB
1014,2025-04-08T10:57:18.000Z,20.24,79.58,BuildingA_Floor2,TypeA
1033,2025-04-07T14:18:52.000Z,15.36,52.59,BuildingA_Floor2,TypeB
1000,2025-04-07T16:39:30.000Z,18.69,67.41,BuildingB_Floor1,TypeB
1083,2025-04-06T12:13:16.000Z,34.84,79.52,BuildingB_Floor1,TypeB
1058,2025-04-07T06:46:28.000Z,32.27,65.69,BuildingB_Floor2,TypeA
1089,2025-04-09T17:29:11.000Z,27.86,67.7,BuildingA_Floor1,TypeA
1063,2025-04-08T11:18:07.000Z,29.24,42.49,BuildingA_Floor2,TypeB
1027,2025-04-08T23:06:02.000Z,33.2,60.75,BuildingA_Floor1,TypeB
1067,2025-04-10T02:51:17.000Z,15.14,64.79,BuildingA_Floor1,TypeC
1083,2025-04-08T02:54:32.000Z,25.72,76.47,BuildingA_Floor2,TypeB
1048,2025-04-08T01:31:52.000Z,28.63,37.79,BuildingA_Floor1,TypeA
1057,2025-04-06T08:01:26.000Z,27.25,64.83,BuildingB_Floor2,TypeA
1090,2025-04-11T02:52:58.000Z,26.74,76.72,BuildingB_Floor2,TypeA
1042,2025-04-06T09:51:07.000Z,23.0,38.28,BuildingB_Floor1,TypeC
1062,2025-04-08T20:14:08.000Z,22.42,55.45,BuildingA_Floor1,TypeC
1048,2025-04-06T04:20:43.000Z,33.06,57.85,BuildingB_Floor2,TypeA
1016,2025-04-08T13:00:55.000Z,19.98,42.47,BuildingA_Floor1,TypeA
1045,2025-04-09T15:10:35.000Z,29.42,61.09,BuildingA_Floor1,TypeA
1065,2025-04-08T13:24:11.000Z,33.31,42.76,BuildingB_Floor2,TypeB
1099,2025-04-09T00:37:48.000Z,19.02,47.31,BuildingA_Floor1,TypeC
1059,2025-04-07T12:47:27.000Z,33.46,69.55,BuildingA_Floor2,TypeC
1042,2025-04-11T01:40:11.000Z,25.54,67.48,BuildingA_Floor1,TypeA
1015,2025-04-10T03:31:29.000Z,32.08,51.53,BuildingB_Floor1,TypeA
1090,2025-04-07T17:58:48.000Z,34.67,63.0,BuildingA_Floor1,TypeA
1054,2025-04-09T15:19:24.000Z,19.19,76.16,BuildingB_Floor2,TypeC
1094,2025-04-07T15:37:44.000Z,20.5,30.69,BuildingA_Floor2,TypeA
1047,2025-04-08T12:41:28.000Z,26.14,36.5,BuildingA_Floor1,TypeA
1100,2025-04-09T23:56:40.000Z,20.12,76.82,BuildingA_Floor1,TypeC
1086,2025-04-11T01:34:40.000Z,24.38,70.07,BuildingB_Floor1,TypeC
1072,2025-04-08T00:21:50.000Z,17.19,75.77,BuildingA_Floor2,TypeB
1085,2025-04-11T01:44:20.000Z,33.11,72.89,BuildingB_Floor1,TypeB
1074,2025-04-08T14:26:29.000Z,27.85,64.54,BuildingA_Floor1,TypeB
1052,2025-04-08T01:10:43.000Z,15.3,36.79,BuildingA_Floor2,TypeC
1023,2025-04-08T13:41:39.000Z,30.78,61.76,BuildingA_Floor1,TypeB
1088,2025-04-10T14:05:39.000Z,15.39,69.67,BuildingA_Floor2,TypeB
1095,2025-04-09T09:49:10.000Z,34.95,45.99,BuildingB_Floor1,TypeB
1006,2025-04-07T03:57:57.000Z,26.12,34.43,BuildingA_Floor2,TypeA
1075,2025-04-10T18:05:46.000Z,27.71,67.39,BuildingB_Floor2,TypeA
1086,2025-04-06T20:40:38.000Z,19.01,78.49,BuildingA_Floor1,TypeC
1006,2025-04-10T01:27:52.000Z,20.73,46.07,BuildingB_Floor1,TypeB
1051,2025-04-08T05:09:30.000Z,24.05,65.01,BuildingA_Floor2,TypeA
1030,2025-04-07T23:57:38.000Z,31.35,59.69,BuildingB_Floor2,TypeC
1077,2025-04-09T02:12:56.000Z,21.32,59.18,BuildingB_Floor1,TypeA
1079,2025-04-08T05:20:54.000Z,17.53,52.17,BuildingA_Floor2,TypeC
1048,2025-04-07T07:31:57.000Z,27.06,41.62,BuildingA_Floor2,TypeA
1080,2025-04-08T10:25:40.000Z,22.6,75.84,BuildingB_Floor1,TypeA
1017,2025-04-06T20:49:21.000Z,31.78,30.16,BuildingB_Floor1,TypeB
1024,2025-04-07T12:03:51.000Z,30.87,44.71,BuildingA_Floor1,TypeC
1038,2025-04-08T21:16:02.000Z,22.46,63.41,BuildingA_Floor1,TypeB
1032,2025-04-10T06:09:07.000Z,25.77,40.99,BuildingB_Floor2,TypeC
1064,2025-04-10T20:27:14.000Z,22.0,45.44,BuildingB_Floor1,TypeB
1091,2025-04-07T15:54:35.000Z,27.67,69.79,BuildingB_Floor1,TypeB
1001,2025-04-07T03:46:21.000Z,22.62,57.32,BuildingA_Floor2,TypeC
1000,2025-04-10T09:41:15.000Z,25.65,69.38,BuildingB_Floor1,TypeC
1037,2025-04-08T17:13:06.000Z,28.67,46.24,BuildingB_Floor2,TypeB
1071,2025-04-10T09:10:15.000Z,33.34,47.08,BuildingB_Floor2,TypeB
1095,2025-04-08T17:42:50.000Z,18.68,35.67,BuildingA_Floor1,TypeC
1047,2025-04-08T01:02:36.000Z,24.06,56.36,BuildingB_Floor2,TypeB
1053,2025-04-08T07:11:37.000Z,17.66,47.58,BuildingB_Floor1,TypeA
1056,2025-04-06T22:57:12.000Z,23.99,76.62,BuildingB_Floor2,TypeB
1029,2025-04-10T08:56:16.000Z,16.32,66.33,BuildingA_Floor1,TypeB
1080,2025-04-09T11:32:03.000Z,16.45,65.0,BuildingB_Floor1,TypeA
1049,2025-04-08T15:12:56.000Z,25.07,34.15,BuildingB_Floor2,TypeB
1079,2025-04-07T13:36:16.000Z,30.66,55.31,BuildingA_Floor2,TypeC
1093,2025-04-08T04:38:30.000Z,23.34,71.89,BuildingA_Floor2,TypeC
1067,2025-04-06T05:33:31.000Z,15.67,66.17,BuildingB_Floor2,TypeA
1016,2025-04-10T11:47:27.000Z,15.14,61.61,BuildingB_Floor2,TypeC
1022,2025-04-09T00:15:33.000Z,33.89,78.54,BuildingB_Floor1,TypeA
1097,2025-04-10T02:42:45.000Z,23.8,33.88,BuildingB_Floor2,TypeA
1056,2025-04-07T11:18:03.000Z,32.8,50.13,BuildingA_Floor1,TypeC
1070,2025-04-07T21:21:26.000Z,24.0,78.36,BuildingB_Floor1,TypeA
1073,2025-04-09T17:33:58.000Z,26.74,54.56,BuildingA_Floor2,TypeA
1074,2025-04-06T04:34:05.000Z,34.09,41.97,BuildingA_Floor2,TypeB
1044,2025-04-09T12:08:07.000Z,15.78,38.76,BuildingB_Floor2,TypeC
1055,2025-04-08T03:56:29.000Z,33.86,67.57,BuildingB_Floor2,TypeA
1064,2025-04-08T16:03:20.000Z,22.19,35.45,BuildingB_Floor2,TypeA
1021,2025-04-08T00:52:03.000Z,20.19,77.6,BuildingA_Floor2,TypeC
1053,2025-04-06T23:24:42.000Z,25.86,41.68,BuildingA_Floor1,TypeB
1067,2025-04-09T03:19:40.000Z,21.28,48.78,BuildingB_Floor2,TypeC
1058,2025-04-08T04:36:48.000Z,20.21,51.48,BuildingB_Floor1,TypeB
1046,2025-04-10T18:07:24.000Z,26.31,67.85,BuildingA_Floor2,TypeA
1093,2025-04-09T08:41:54.000Z,23.79,63.54,BuildingB_Floor2,TypeA
1058,2025-04-07T14:36:14.000Z,16.34,71.41,BuildingB_Floor2,TypeC
1079,2025-04-08T12:28:04.000Z,27.45,64.72,BuildingA_Floor1,TypeB
1057,2025-04-07T20:32:56.000Z,21.66,41.86,BuildingB_Floor1,TypeB
1081,2025-04-07T17:10:53.000Z,33.55,70.31,BuildingB_Floor2,TypeA
1029,2025-04-09T10:31:14.000Z,30.62,73.97,BuildingA_Floor1,TypeA
1059,2025-04-09T21:39:45.000Z,29.0,33.99,BuildingB_Floor1,TypeB
1035,2025-04-11T02:37:57.000Z,17.24,77.28,BuildingB_Floor2,TypeC
1010,2025-04-06T13:12:48.000Z,32.43,54.07,BuildingA_Floor2,TypeC
1064,2025-04-06T21:28:02.000Z,16.43,41.92,BuildingA_Floor1,TypeA
1093,2025-04-10T20:52:26.000Z,18.45,54.95,BuildingA_Floor2,TypeC
1003,2025-04-06T12:56:11.000Z,15.5,70.77,BuildingA_Floor1,TypeA
1013,2025-04-07T18:50:28.000Z,30.22,32.8,BuildingA_Floor2,TypeC
1046,2025-04-08T13:30:20.000Z,32.25,63.23,BuildingB_Floor2,TypeB
1001,2025-04-06T09:25:47.000Z,32.6,40.83,BuildingB_Floor1,TypeB
1005,2025-04-07T04:05:16.000Z,28.87,46.68,BuildingB_Floor2,TypeC
1011,2025-04-10T05:12:02.000Z,31.78,51.6,BuildingB_Floor2,TypeC
1057,2025-04-08T21:29:45.000Z,34.68,78.83,BuildingA_Floor1,TypeC
1000,2025-04-09T22:01:03.000Z,15.62,37.0,BuildingA_Floor2,TypeC
1008,2025-04-09T20:12:25.000Z,20.91,54.03,BuildingA_Floor2,TypeB
1071,2025-04-09T10:01:45.000Z,19.99,55.51,BuildingB_Floor2,TypeA
1089,2025-04-07T23:29:17.000Z,16.6,63.27,BuildingB_Floor2,TypeB
1088,2025-04-06T16:25:24.000Z,15.52,47.05,BuildingA_Floor1,TypeC
1088,2025-04-07T05:09:18.000Z,23.66,66.19,BuildingB_Floor1,TypeC
1092,2025-04-07T16:48:17.000Z,23.38,39.18,BuildingB_Floor1,TypeC
1070,2025-04-07T05:50:01.000Z,21.21,51.42,BuildingA_Floor1,TypeB
1077,2025-04-06T05:32:38.000Z,34.41,51.8,BuildingA_Floor1,TypeB
1014,2025-04-08T14:36:23.000Z,18.05,48.09,BuildingB_Floor2,TypeB
1031,2025-04-10T06:15:01.000Z,27.14,52.87,BuildingB_Floor2,TypeB
1023,2025-04-06T23:53:43.000Z,29.46,58.87,BuildingA_Floor1,TypeC
1063,2025-04-09T00:27:58.000Z,33.63,57.47,BuildingB_Floor2,TypeC
1085,2025-04-11T02:07:22.000Z,18.71,37.94,BuildingB_Floor2,TypeC
1060,2025-04-10T11:39:39.000Z,26.85,73.23,BuildingA_Floor2,TypeB
1021,2025-04-09T04:37:56.000Z,26.37,46.15,BuildingB_Floor2,TypeA
1065,2025-04-11T00:41:01.000Z,27.63,38.37,BuildingA_Floor1,TypeC
1024,2025-04-08T22:45:16.000Z,25.13,39.98,BuildingA_Floor2,TypeC
1024,2025-04-06T19:22:24.000Z,24.24,71.92,BuildingB_Floor2,TypeA
1044,2025-04-10T04:44:47.000Z,28.37,66.84,BuildingA_Floor2,TypeC
1026,2025-04-10T09:43:14.000Z,20.09,70.95,BuildingA_Floor2,TypeA
1093,2025-04-10T04:31:52.000Z,19.69,65.93,BuildingB_Floor2,TypeC
1015,2025-04-07T08:56:16.000Z,19.38,36.67,BuildingA_Floor2,TypeC
1086,2025-04-09T21:41:05.000Z,29.06,61.68,BuildingB_Floor1,TypeB
1044,2025-04-10T06:36:21.000Z,34.87,61.44,BuildingA_Floor2,TypeC
1005,2025-04-07T15:01:15.000Z,26.33,50.22,BuildingB_Floor2,TypeA
1067,2025-04-08T22:55:28.000Z,32.1,41.97,BuildingA_Floor1,TypeB
1066,2025-04-07T07:15:40.000Z,31.96,62.22,BuildingB_Floor1,TypeA
1023,2025-04-07T02:47:37.000Z,15.12,48.06,BuildingB_Floor1,TypeC
1064,2025-04-08T14:23:58.000Z,19.68,41.49,BuildingB_Floor1,TypeA
1073,2025-04-08T14:03:15.000Z,19.28,45.59,BuildingB_Floor2,TypeB
1037,2025-04-08T08:20:31.000Z,30.89,52.18,BuildingA_Floor1,TypeA
1097,2025-04-07T00:58:12.000Z,15.13,74.51,BuildingA_Floor1,TypeC
1088,2025-04-06T06:37:44.000Z,26.33,74.37,BuildingA_Floor2,TypeC
1053,2025-04-09T15:05:02.000Z,25.45,68.29,BuildingB_Floor2,TypeB
1100,2025-04-07T08:04:30.000Z,21.11,69.45,BuildingB_Floor1,TypeA
1007,2025-04-09T10:57:58.000Z,33.21,39.78,BuildingA_Floor1,TypeA
1063,2025-04-09T13:10:19.000Z,26.91,56.93,BuildingA_Floor1,TypeA
1074,2025-04-08T04:13:12.000Z,30.49,74.09,BuildingA_Floor1,TypeC
1062,2025-04-07T21:00:46.000Z,15.52,32.08,BuildingA_Floor2,TypeC
1079,2025-04-10T07:17:27.000Z,22.67,33.74,BuildingA_Floor1,TypeB
1025,2025-04-07T08:39:53.000Z,26.34,38.45,BuildingA_Floor1,TypeA
1031,2025-04-07T00:28:39.000Z,25.41,34.68,BuildingA_Floor1,TypeA
1016,2025-04-08T20:02:52.000Z,33.44,71.19,BuildingB_Floor1,TypeA
1064,2025-04-10T02:09:37.000Z,16.77,33.76,BuildingB_Floor2,TypeA
1052,2025-04-06T22:40:21.000Z,26.47,32.98,BuildingA_Floor1,TypeC
1065,2025-04-10T20:58:11.000Z,31.87,52.5,BuildingB_Floor1,TypeC
1082,2025-04-09T22:12:19.000Z,18.81,63.05,BuildingA_Floor2,TypeC
1076,2025-04-10T21:38:54.000Z,17.51,38.29,BuildingA_Floor1,TypeB
1046,2025-04-06T09:52:04.000Z,27.9,41.29,BuildingB_Floor2,TypeA
1059,2025-04-09T07:30:24.000Z,20.81,49.67,BuildingB_Floor1,TypeC
1089,2025-04-09T19:37:19.000Z,17.4,70.74,BuildingA_Floor2,TypeB
1021,2025-04-10T21:52:58.000Z,30.05,36.65,BuildingB_Floor1,TypeA
1066,2025-04-06T08:05:31.000Z,29.85,39.79,BuildingB_Floor1,TypeA
1072,2025-04-07T11:42:38.000Z,28.14,36.97,BuildingA_Floor2,TypeB
1023,2025-04-06T07:56:43.000Z,27.45,73.7,BuildingB_Floor2,TypeA
1011,2025-04-11T00:10:31.000Z,18.34,55.39,BuildingB_Floor1,TypeA
1074,2025-04-08T11:57:51.000Z,32.98,46.64,BuildingB_Floor2,TypeB
1043,2025-04-08T19:02:07.000Z,26.07,71.09,BuildingA_Floor2,TypeC
1024,2025-04-07T18:13:58.000Z,15.08,68.05,BuildingA_Floor1,TypeA
1099,2025-04-07T01:02:35.000Z,23.85,65.99,BuildingB_Floor1,TypeA
1095,2025-04-08T17:48:25.000Z,21.61,75.33,BuildingA_Floor2,TypeB
1076,2025-04-09T08:20:21.000Z,28.08,61.25,BuildingA_Floor2,TypeC
1100,2025-04-10T02:59:49.000Z,27.98,53.61,BuildingB_Floor2,TypeB
1051,2025-04-10T00:04:33.000Z,21.61,50.5,BuildingB_Floor1,TypeA
1008,2025-04-07T02:23:11.000Z,32.55,72.48,BuildingB_Floor1,TypeA
1045,2025-04-09T06:23:48.000Z,22.41,64.38,BuildingA_Floor1,TypeA
1044,2025-04-09T21:19:46.000Z,19.18,35.69,BuildingA_Floor2,TypeA
1062,2025-04-09T22:32:53.000Z,22.16,37.38,BuildingB_Floor2,TypeB
1088,2025-04-09T20:00:34.000Z,18.76,36.73,BuildingA_Floor1,TypeA
1041,2025-04-09T10:34:59.000Z,32.19,66.36,BuildingB_Floor1,TypeA
1042,2025-04-10T21:53:38.000Z,26.35,48.01,BuildingB_Floor1,TypeA
1078,2025-04-11T01:23:40.000Z,20.5,63.26,BuildingA_Floor1,TypeB
1018,2025-04-10T16:23:22.000Z,28.68,78.28,BuildingA_Floor2,TypeA
1056,2025-04-10T09:18:51.000Z,29.35,79.18,BuildingA_Floor2,TypeC
1062,2025-04-08T09:06:32.000Z,21.6,34.05,BuildingB_Floor1,TypeB
1004,2025-04-06T23:24:38.000Z,33.52,39.04,BuildingB_Floor1,TypeA
1071,2025-04-06T10:50:20.000Z,34.41,68.54,BuildingA_Floor1,TypeC
1051,2025-04-08T23:03:36.000Z,32.5,33.8,BuildingA_Floor2,TypeB
1082,2025-04-10T03:50:19.000Z,32.48,30.81,BuildingB_Floor2,TypeB
1057,2025-04-08T06:53:30.000Z,28.62,32.85,BuildingA_Floor2,TypeB
1029,2025-04-09T12:43:32.000Z,24.17,60.87,BuildingB_Floor2,TypeA
1064,2025-04-06T06:04:35.000Z,20.65,74.68,BuildingA_Floor2,TypeC
1095,2025-04-09T03:49:05.000Z,22.88,55.87,BuildingA_Floor2,TypeC
1038,2025-04-07T22:36:05.000Z,18.22,69.27,BuildingA_Floor2,TypeC
1013,2025-04-07T21:25:23.000Z,31.17,72.12,BuildingB_Floor1,TypeA
1076,2025-04-07T04:09:45.000Z,29.27,67.11,BuildingB_Floor1,TypeA
1054,2025-04-09T11:09:56.000Z,27.63,42.3,BuildingA_Floor1,TypeA
1044,2025-04-09T23:09:55.000Z,24.13,79.0,BuildingA_Floor2,TypeB
1086,2025-04-10T11:25:36.000Z,24.55,34.46,BuildingB_Floor1,TypeB
1066,2025-04-11T02:46:59.000Z,31.98,70.64,BuildingA_Floor1,TypeC
1095,2025-04-09T02:19:34.000Z,19.25,77.6,BuildingB_Floor2,TypeB
1074,2025-04-09T15:55:26.000Z,29.64,59.11,BuildingB_Floor1,TypeC
1007,2025-04-08T13:28:48.000Z,18.99,45.64,BuildingA_Floor2,TypeB
1088,2025-04-08T14:47:18.000Z,30.27,31.53,BuildingB_Floor1,TypeB
1037,2025-04-10T21:01:40.000Z,32.45,35.73,BuildingA_Floor2,TypeA
1083,2025-04-10T05:56:19.000Z,21.55,54.64,BuildingA_Floor1,TypeA
1070,2025-04-06T05:23:23.000Z,16.61,59.44,BuildingA_Floor1,TypeC
1013,2025-04-06T06:53:25.000Z,19.3,68.17,BuildingB_Floor1,TypeA
1028,2025-04-06T10:42:53.000Z,32.2,41.98,BuildingB_Floor1,TypeA
1074,2025-04-09T22:34:37.000Z,32.82,50.71,BuildingB_Floor1,TypeC
1089,2025-04-08T05:39:46.000Z,16.97,48.08,BuildingA_Floor2,TypeB
1015,2025-04-09T04:16:55.000Z,19.98,79.37,BuildingA_Floor2,TypeA
1059,2025-04-11T01:11:38.000Z,32.41,61.19,BuildingB_Floor2,TypeC
1042,2025-04-10T07:04:09.000Z,29.03,75.13,BuildingA_Floor1,TypeA
1076,2025-04-10T12:24:08.000Z,28.93,64.99,BuildingB_Floor1,TypeA
1093,2025-04-08T14:41:45.000Z,23.38,32.69,BuildingA_Floor1,TypeB
1001,2025-04-06T22:49:11.000Z,29.56,74.9,BuildingA_Floor2,TypeB
1076,2025-04-06T10:01:42.000Z,31.89,62.86,BuildingB_Floor2,TypeA
1071,2025-04-09T20:19:45.000Z,16.16,53.12,BuildingA_Floor1,TypeA
1012,2025-04-10T19:41:33.000Z,25.0,68.08,BuildingA_Floor2,TypeB
1038,2025-04-10T00:44:41.000Z,21.11,56.77,BuildingA_Floor1,TypeC
1045,2025-04-08T21:14:13.000Z,31.98,59.8,BuildingB_Floor1,TypeA
1054,2025-04-10T22:35:27.000Z,32.86,38.68,BuildingA_Floor1,TypeB
1071,2025-04-07T03:56:49.000Z,24.1,76.12,BuildingA_Floor1,TypeB
1083,2025-04-06T13:44:16.000Z,23.23,68.41,BuildingB_Floor2,TypeA
1070,2025-04-10T15:40:44.000Z,27.15,49.06,BuildingA_Floor2,TypeB
1086,2025-04-11T01:31:11.000Z,27.61,66.4,BuildingB_Floor1,TypeC
1048,2025-04-09T09:18:46.000Z,25.38,56.52,BuildingB_Floor1,TypeB
1028,2025-04-06T19:49:04.000Z,19.31,70.29,BuildingB_Floor1,TypeB
1029,2025-04-09T02:03:03.000Z,34.13,78.69,BuildingB_Floor1,TypeB
1014,2025-04-08T22:41:42.000Z,18.41,59.72,BuildingB_Floor1,TypeC
1026,2025-04-10T22:00:33.000Z,33.61,56.12,BuildingA_Floor2,TypeC
1028,2025-04-06T06:20:37.000Z,19.31,46.86,BuildingA_Floor1,TypeA
1093,2025-04-07T20:44:01.000Z,23.15,69.76,BuildingA_Floor2,TypeA
1074,2025-04-10T06:42:41.000Z,32.91,33.01,BuildingA_Floor2,TypeA
1007,2025-04-07T00:42:41.000Z,26.89,77.16,BuildingB_Floor2,TypeB
1074,2025-04-09T08:46:12.000Z,24.55,79.25,BuildingA_Floor2,TypeB
1086,2025-04-09T04:51:05.000Z,15.08,47.12,BuildingB_Floor2,TypeB
1013,2025-04-08T11:42:28.000Z,32.63,70.02,BuildingB_Floor1,TypeB
1021,2025-04-06T22:19:24.000Z,30.48,68.09,BuildingB_Floor2,TypeA
1097,2025-04-10T17:52:49.000Z,17.82,67.9,BuildingA_Floor2,TypeB
1056,2025-04-06T03:21:51.000Z,33.46,69.26,BuildingB_Floor1,TypeA
1021,2025-04-06T06:39:09.000Z,31.29,48.27,BuildingB_Floor2,TypeB
1070,2025-04-08T07:47:39.000Z,22.25,46.87,BuildingB_Floor1,TypeB
1080,2025-04-07T00:57:55.000Z,23.19,49.12,BuildingA_Floor2,TypeB
1028,2025-04-07T19:20:49.000Z,16.8,68.13,BuildingA_Floor1,TypeB
1041,2025-04-10T01:41:02.000Z,28.28,35.92,BuildingA_Floor1,TypeA
1027,2025-04-09T03:49:09.000Z,18.2,37.9,BuildingA_Floor2,TypeB
1066,2025-04-10T04:52:42.000Z,20.22,79.23,BuildingB_Floor1,TypeC
1064,2025-04-08T16:42:38.000Z,34.33,36.77,BuildingB_Floor1,TypeC
1047,2025-04-10T10:56:29.000Z,26.34,33.48,BuildingA_Floor1,TypeB
1056,2025-04-06T16:28:21.000Z,21.54,50.46,BuildingA_Floor1,TypeB
1027,2025-04-08T09:16:51.000Z,20.94,62.41,BuildingB_Floor2,TypeB
1010,2025-04-08T20:08:20.000Z,34.09,47.36,BuildingB_Floor1,TypeA
1036,2025-04-10T23:39:33.000Z,32.1,41.78,BuildingA_Floor1,TypeB
1014,2025-04-07T16:07:20.000Z,19.94,57.01,BuildingA_Floor1,TypeC
1007,2025-04-10T17:54:04.000Z,26.67,54.02,BuildingB_Floor1,TypeB
1068,2025-04-08T05:06:40.000Z,31.66,77.49,BuildingA_Floor1,TypeA
1058,2025-04-10T11:04:30.000Z,22.25,57.92,BuildingA_Floor2,TypeC
1009,2025-04-06T05:05:59.000Z,16.64,62.25,BuildingB_Floor2,TypeA
1001,2025-04-07T16:46:25.000Z,23.7,58.77,BuildingB_Floor2,TypeB
1013,2025-04-09T20:07:38.000Z,33.43,62.28,BuildingA_Floor1,TypeA
1066,2025-04-07T09:22:21.000Z,16.34,68.61,BuildingB_Floor2,TypeA
1041,2025-04-11T02:45:34.000Z,16.11,70.88,BuildingB_Floor1,TypeA
1062,2025-04-10T08:34:22.000Z,34.88,44.62,BuildingA_Floor1,TypeB
1025,2025-04-10T10:05:18.000Z,20.42,79.97,BuildingB_Floor1,TypeA
1034,2025-04-08T14:46:44.000Z,15.37,61.31,BuildingA_Floor1,TypeB
1019,2025-04-10T00:17:29.000Z,22.28,52.36,BuildingA_Floor2,TypeB
1079,2025-04-10T02:12:27.000Z,28.23,61.65,BuildingA_Floor2,TypeC
1095,2025-04-06T11:38:08.000Z,31.9,55.28,BuildingA_Floor1,TypeA
1036,2025-04-07T05:18:17.000Z,32.45,51.7,BuildingB_Floor2,TypeB
1037,2025-04-09T18:45:05.000Z,17.68,32.43,BuildingA_Floor1,TypeA
1028,2025-04-07T17:31:39.000Z,31.43,66.97,BuildingB_Floor1,TypeA
1014,2025-04-09T15:03:12.000Z,34.23,43.04,BuildingA_Floor1,TypeB
1094,2025-04-10T15:45:15.000Z,17.25,59.39,BuildingA_Floor2,TypeC
1087,2025-04-09T15:14:47.000Z,30.21,47.68,BuildingB_Floor1,TypeA
1056,2025-04-08T02:12:07.000Z,29.4,51.04,BuildingB_Floor2,TypeA
1021,2025-04-07T13:30:59.000Z,27.27,74.89,BuildingA_Floor1,TypeC
1077,2025-04-06T08:59:30.000Z,18.46,60.05,BuildingB_Floor1,TypeA
1051,2025-04-08T08:06:30.000Z,28.54,48.26,BuildingA_Floor1,TypeC
1052,2025-04-10T20:21:33.000Z,30.94,56.58,BuildingB_Floor1,TypeC
1041,2025-04-08T21:17:06.000Z,32.59,61.79,BuildingA_Floor1,TypeA
1019,2025-04-10T16:00:18.000Z,32.44,35.1,BuildingB_Floor2,TypeB
1025,2025-04-07T20:46:37.000Z,31.59,76.54,BuildingB_Floor2,TypeB
1096,2025-04-07T19:33:29.000Z,20.45,77.91,BuildingA_Floor1,TypeA
1045,2025-04-10T20:22:13.000Z,31.65,31.45,BuildingA_Floor2,TypeB
1023,2025-04-06T13:05:02.000Z,30.99,64.31,BuildingB_Floor2,TypeC
1030,2025-04-07T10:16:14.000Z,32.16,36.93,BuildingB_Floor1,TypeA
1056,2025-04-10T17:04:22.000Z,19.32,72.59,BuildingB_Floor2,TypeA
1082,2025-04-06T14:04:17.000Z,32.03,50.76,BuildingB_Floor2,TypeB
1045,2025-04-07T10:31:22.000Z,27.44,30.39,BuildingA_Floor2,TypeC
1011,2025-04-10T06:43:33.000Z,28.11,70.95,BuildingA_Floor1,TypeB
1088,2025-04-10T07:49:11.000Z,15.65,44.16,BuildingB_Floor2,TypeB
1096,2025-04-07T13:00:38.000Z,15.12,38.5,BuildingA_Floor1,TypeA
1002,2025-04-08T21:47:01.000Z,19.04,48.89,BuildingA_Floor1,TypeC
1042,2025-04-07T03:06:59.000Z,31.68,70.59,BuildingB_Floor1,TypeC
1037,2025-04-10T00:27:39.000Z,24.33,72.38,BuildingB_Floor1,TypeA
1011,2025-04-06T04:15:40.000Z,28.56,45.37,BuildingA_Floor1,TypeA
1067,2025-04-10T14:19:14.000Z,20.58,44.51,BuildingB_Floor1,TypeC
1011,2025-04-10T19:21:39.000Z,27.33,69.31,BuildingB_Floor2,TypeC
1082,2025-04-09T18:17:51.000Z,21.5,66.71,BuildingA_Floor1,TypeB
1048,2025-04-06T07:10:11.000Z,26.13,34.8,BuildingA_Floor1,TypeB
1081,2025-04-10T04:27:37.000Z,25.88,46.07,BuildingB_Floor1,TypeB
1024,2025-04-07T15:24:48.000Z,31.9,40.26,BuildingB_Floor2,TypeA
1019,2025-04-10T13:12:41.000Z,18.78,31.11,BuildingA_Floor1,TypeA
1046,2025-04-10T02:23:35.000Z,21.92,42.01,BuildingB_Floor2,TypeC
1014,2025-04-07T17:25:51.000Z,20.11,49.67,BuildingB_Floor2,TypeB
1013,2025-04-10T18:42:45.000Z,29.51,66.31,BuildingA_Floor1,TypeA
1056,2025-04-08T10:41:37.000Z,21.29,77.31,BuildingA_Floor2,TypeB
1007,2025-04-10T14:53:43.000Z,18.04,37.42,BuildingB_Floor2,TypeA
1069,2025-04-06T17:00:13.000Z,21.77,41.02,BuildingA_Floor1,TypeB
1053,2025-04-07T01:57:01.000Z,17.7,39.59,BuildingB_Floor2,TypeA
1097,2025-04-06T17:03:10.000Z,29.54,52.39,BuildingB_Floor2,TypeB
1029,2025-04-08T17:17:17.000Z,26.12,44.28,BuildingB_Floor1,TypeA
1028,2025-04-09T17:12:56.000Z,25.24,77.93,BuildingA_Floor2,TypeB
1091,2025-04-06T16:53:14.000Z,20.67,37.91,BuildingB_Floor2,TypeA
1003,2025-04-07T12:08:44.000Z,26.28,45.69,BuildingB_Floor1,TypeB
1067,2025-04-08T04:17:48.000Z,28.63,76.27,BuildingA_Floor1,TypeA
1070,2025-04-06T07:59:45.000Z,23.01,60.33,BuildingA_Floor2,TypeB
1011,2025-04-09T16:43:02.000Z,27.58,44.26,BuildingA_Floor2,TypeB
1073,2025-04-06T04:29:41.000Z,22.44,64.54,BuildingA_Floor1,TypeC
1042,2025-04-06T14:56:54.000Z,27.2,38.14,BuildingB_Floor2,TypeB
1040,2025-04-06T08:33:28.000Z,18.62,77.19,BuildingA_Floor2,TypeA
1031,2025-04-06T18:45:13.000Z,17.63,54.48,BuildingA_Floor1,TypeC
1002,2025-04-06T04:48:57.000Z,24.94,47.68,BuildingB_Floor1,TypeC
1036,2025-04-07T08:47:23.000Z,25.12,62.38,BuildingB_Floor2,TypeC
1024,2025-04-06T21:32:23.000Z,20.18,48.86,BuildingB_Floor1,TypeB
1094,2025-04-06T22:21:41.000Z,20.54,63.55,BuildingA_Floor2,TypeC
1057,2025-04-09T03:37:26.000Z,31.85,36.87,BuildingA_Floor2,TypeA
1098,2025-04-06T09:16:32.000Z,33.43,48.74,BuildingA_Floor2,TypeA
1012,2025-04-08T19:11:06.000Z,15.72,41.52,BuildingA_Floor1,TypeB
1029,2025-04-07T08:48:14.000Z,20.26,38.79,BuildingA_Floor2,TypeC
1078,2025-04-09T15:12:45.000Z,24.4,57.89,BuildingB_Floor1,TypeA
1096,2025-04-08T06:58:03.000Z,17.65,46.09,BuildingA_Floor1,TypeA
1081,2025-04-07T05:31:53.000Z,20.08,72.61,BuildingB_Floor2,TypeA
1006,2025-04-08T15:37:15.000Z,33.18,36.43,BuildingA_Floor1,TypeB
1082,2025-04-09T14:23:47.000Z,16.76,76.01,BuildingA_Floor1,TypeC
1004,2025-04-08T01:45:33.000Z,33.53,37.41,BuildingA_Floor2,TypeC
1082,2025-04-10T15:04:12.000Z,27.74,44.7,BuildingB_Floor1,TypeB
1031,2025-04-06T04:04:03.000Z,31.97,39.04,BuildingB_Floor2,TypeA
1093,2025-04-11T01:49:43.000Z,28.59,69.63,BuildingA_Floor1,TypeC
1058,2025-04-06T17:00:48.000Z,24.04,74.5,BuildingB_Floor1,TypeA
1096,2025-04-06T15:59:35.000Z,30.2,36.88,BuildingB_Floor2,TypeA
1002,2025-04-10T13:29:04.000Z,29.01,46.13,BuildingA_Floor2,TypeA
1058,2025-04-10T14:59:18.000Z,22.74,39.35,BuildingA_Floor1,TypeC
1081,2025-04-06T19:45:32.000Z,20.86,46.03,BuildingA_Floor2,TypeC
1013,2025-04-07T10:40:31.000Z,17.57,64.89,BuildingB_Floor1,TypeC
1078,2025-04-07T07:37:01.000Z,30.23,40.1,BuildingB_Floor2,TypeB
1032,2025-04-06T04:46:07.000Z,30.15,76.28,BuildingB_Floor2,TypeA
1062,2025-04-06T14:32:26.000Z,23.28,39.53,BuildingB_Floor1,TypeC
1072,2025-04-07T13:39:07.000Z,25.49,46.75,BuildingA_Floor1,TypeC
1040,2025-04-09T21:02:22.000Z,22.88,52.13,BuildingB_Floor1,TypeC
1051,2025-04-06T12:27:37.000Z,18.97,68.81,BuildingA_Floor2,TypeC
1002,2025-04-06T17:53:40.000Z,16.58,45.25,BuildingA_Floor2,TypeB
1022,2025-04-09T21:59:47.000Z,23.87,39.4,BuildingB_Floor1,TypeA
1077,2025-04-07T09:23:24.000Z,24.13,39.59,BuildingA_Floor1,TypeC
1097,2025-04-10T09:29:30.000Z,33.12,56.44,BuildingA_Floor1,TypeA
1070,2025-04-06T05:32:50.000Z,34.08,73.93,BuildingB_Floor1,TypeB
1083,2025-04-08T08:24:39.000Z,22.31,69.31,BuildingB_Floor1,TypeB
1083,2025-04-10T05:46:08.000Z,26.68,64.0,BuildingA_Floor2,TypeC
1069,2025-04-06T07:01:58.000Z,15.88,37.58,BuildingA_Floor1,TypeB
1048,2025-04-08T14:25:09.000Z,27.39,44.53,BuildingA_Floor1,TypeC
1074,2025-04-06T13:49:54.000Z,22.57,54.06,BuildingA_Floor1,TypeA
1100,2025-04-09T04:23:22.000Z,23.23,63.5,BuildingA_Floor2,TypeA
1056,2025-04-08T12:47:51.000Z,21.12,54.36,BuildingA_Floor2,TypeB
1042,2025-04-07T17:30:10.000Z,34.84,56.78,BuildingA_Floor2,TypeA
1023,2025-04-07T22:24:52.000Z,25.47,45.21,BuildingB_Floor2,TypeB
1077,2025-04-07T05:51:15.000Z,27.86,72.15,BuildingB_Floor2,TypeC
1004,2025-04-07T16:30:54.000Z,21.21,69.27,BuildingA_Floor2,TypeC
1097,2025-04-10T17:52:15.000Z,19.72,36.09,BuildingB_Floor2,TypeB
1096,2025-04-09T20:05:15.000Z,20.34,69.58,BuildingB_Floor2,TypeB
1013,2025-04-08T04:57:21.000Z,19.67,52.11,BuildingA_Floor1,TypeC
1062,2025-04-07T04:55:06.000Z,19.09,63.89,BuildingB_Floor1,TypeA
1029,2025-04-06T20:47:22.000Z,25.7,45.73,BuildingB_Floor2,TypeB
1011,2025-04-11T00:55:09.000Z,32.02,65.15,BuildingA_Floor1,TypeB
1044,2025-04-09T20:03:04.000Z,20.58,42.47,BuildingA_Floor2,TypeA
1013,2025-04-09T14:24:45.000Z,22.81,58.11,BuildingB_Floor1,TypeC
1073,2025-04-08T22:06:46.000Z,28.55,63.58,BuildingA_Floor1,TypeA
1097,2025-04-07T16:45:31.000Z,20.81,73.33,BuildingA_Floor1,TypeA
1070,2025-04-07T13:56:30.000Z,32.84,47.13,BuildingA_Floor1,TypeA
1061,2025-04-06T18:51:34.000Z,33.43,35.38,BuildingB_Floor1,TypeC
1064,2025-04-10T18:22:14.000Z,34.87,56.31,BuildingA_Floor1,TypeC
1089,2025-04-09T20:51:39.000Z,19.0,71.22,BuildingB_Floor1,TypeB
1076,2025-04-06T22:19:02.000Z,24.2,47.05,BuildingB_Floor2,TypeC
1100,2025-04-06T10:15:35.000Z,29.67,61.53,BuildingB_Floor1,TypeC
1055,2025-04-09T17:11:00.000Z,17.05,65.54,BuildingB_Floor2,TypeA
1051,2025-04-08T06:18:10.000Z,19.27,55.96,BuildingB_Floor2,TypeC
1002,2025-04-10T18:40:07.000Z,23.01,71.88,BuildingB_Floor1,TypeC
1073,2025-04-10T14:17:11.000Z,15.18,51.61,BuildingA_Floor1,TypeB
1019,2025-04-07T04:33:50.000Z,25.59,47.71,BuildingB_Floor1,TypeC
1040,2025-04-07T21:03:13.000Z,19.78,69.46,BuildingB_Floor2,TypeA
1015,2025-04-09T09:31:59.000Z,23.74,53.45,BuildingB_Floor1,TypeB
1067,2025-04-10T07:32:59.000Z,22.2,38.63,BuildingB_Floor1,TypeC
1007,2025-04-09T03:38:33.000Z,33.52,41.97,BuildingB_Floor1,TypeB
1051,2025-04-06T04:48:45.000Z,31.25,73.5,BuildingB_Floor1,TypeA
1035,2025-04-06T23:30:28.000Z,31.26,50.22,BuildingA_Floor1,TypeB
1076,2025-04-08T00:27:22.000Z,24.8,45.82,BuildingB_Floor1,TypeC
1044,2025-04-08T07:24:07.000Z,30.16,36.15,BuildingB_Floor1,TypeA
1039,2025-04-09T22:53:45.000Z,24.87,31.21,BuildingB_Floor1,TypeB
1043,2025-04-07T14:39:06.000Z,27.08,52.57,BuildingB_Floor1,TypeA
1097,2025-04-07T20:58:47.000Z,31.11,67.12,BuildingB_Floor1,TypeC
1062,2025-04-07T07:05:37.000Z,26.42,38.33,BuildingB_Floor1,TypeA
1045,2025-04-07T17:02:57.000Z,31.81,42.52,BuildingA_Floor1,TypeC
1013,2025-04-08T12:00:37.000Z,21.6,51.46,BuildingA_Floor1,TypeB
1046,2025-04-07T18:53:54.000Z,32.55,79.3,BuildingA_Floor2,TypeB
1077,2025-04-07T23:12:25.000Z,34.44,72.12,BuildingB_Floor1,TypeB
1050,2025-04-08T22:41:31.000Z,29.28,43.96,BuildingA_Floor1,TypeC
1003,2025-04-10T07:59:27.000Z,30.85,49.66,BuildingB_Floor2,TypeA
1048,2025-04-10T13:59:16.000Z,15.49,46.49,BuildingA_Floor2,TypeC
1089,2025-04-07T17:32:06.000Z,21.41,49.16,BuildingA_Floor2,TypeB
1025,2025-04-06T05:29:39.000Z,15.61,39.3,BuildingB_Floor2,TypeC
1001,2025-04-07T18:35:37.000Z,28.8,32.91,BuildingB_Floor1,TypeB
1047,2025-04-08T05:00:46.000Z,16.34,61.99,BuildingB_Floor1,TypeB
1001,2025-04-07T14:05:43.000Z,29.95,51.29,BuildingA_Floor1,TypeA
1045,2025-04-09T19:12:58.000Z,16.66,59.78,BuildingB_Floor1,TypeB
1028,2025-04-09T07:11:12.000Z,31.0,52.21,BuildingB_Floor2,TypeC
1014,2025-04-08T18:47:52.000Z,23.13,61.22,BuildingA_Floor1,TypeB
1058,2025-04-09T00:59:57.000Z,30.51,66.67,BuildingB_Floor2,TypeB
1024,2025-04-09T02:25:26.000Z,30.02,52.87,BuildingB_Floor1,TypeC
1092,2025-04-10T11:47:34.000Z,32.78,63.34,BuildingB_Floor1,TypeC
1031,2025-04-06T07:00:49.000Z,30.65,71.2,BuildingB_Floor2,TypeB
1072,2025-04-06T04:21:43.000Z,22.55,39.15,BuildingB_Floor1,TypeA
1036,2025-04-09T02:35:55.000Z,22.47,64.89,BuildingA_Floor2,TypeA
1042,2025-04-06T15:50:37.000Z,17.22,40.85,BuildingB_Floor2,TypeA
1029,2025-04-09T11:45:49.000Z,15.61,31.34,BuildingB_Floor2,TypeA
1090,2025-04-10T06:38:22.000Z,31.66,58.33,BuildingA_Floor2,TypeA
1092,2025-04-09T22:30:09.000Z,16.71,50.15,BuildingB_Floor1,TypeC
1082,2025-04-07T06:59:01.000Z,29.11,57.65,BuildingB_Floor1,TypeC
1083,2025-04-06T20:59:12.000Z,24.79,34.83,BuildingA_Floor2,TypeC
1015,2025-04-10T20:03:29.000Z,30.48,69.54,BuildingB_Floor2,TypeB
1044,2025-04-08T05:47:34.000Z,21.75,74.6,BuildingA_Floor2,TypeA
1039,2025-04-09T01:05:56.000Z,19.91,42.23,BuildingB_Floor2,TypeB
1031,2025-04-10T18:46:50.000Z,34.5,70.01,BuildingB_Floor1,TypeC
1030,2025-04-06T13:52:53.000Z,26.04,39.61,BuildingA_Floor1,TypeB
1024,2025-04-06T04:29:16.000Z,16.49,74.8,BuildingB_Floor2,TypeB
1066,2025-04-09T05:11:27.000Z,31.88,55.3,BuildingB_Floor1,TypeA
1088,2025-04-06T16:35:09.000Z,21.0,49.25,BuildingB_Floor2,TypeB
1039,2025-04-11T02:18:11.000Z,31.16,47.94,BuildingB_Floor2,TypeA
1092,2025-04-06T16:22:14.000Z,31.72,54.44,BuildingA_Floor2,TypeA
1070,2025-04-09T06:48:09.000Z,32.66,74.19,BuildingA_Floor1,TypeA
1005,2025-04-09T07:59:01.000Z,32.19,31.32,BuildingB_Floor2,TypeB
1025,2025-04-07T15:25:16.000Z,34.88,31.67,BuildingA_Floor1,TypeC
1025,2025-04-07T15:07:17.000Z,17.25,79.42,BuildingB_Floor1,TypeC
1025,2025-04-06T03:33:30.000Z,18.32,44.59,BuildingA_Floor1,TypeC
1030,2025-04-08T06:11:08.000Z,19.85,68.43,BuildingB_Floor2,TypeA
1083,2025-04-07T08:58:03.000Z,19.58,39.07,BuildingA_Floor2,TypeB
1070,2025-04-09T10:33:23.000Z,18.14,33.62,BuildingB_Floor1,TypeB
1004,2025-04-08T19:51:00.000Z,22.88,76.64,BuildingB_Floor2,TypeB
1062,2025-04-07T17:26:03.000Z,22.27,52.26,BuildingB_Floor1,TypeB
1016,2025-04-08T23:12:34.000Z,20.76,36.12,BuildingB_Floor2,TypeB
1038,2025-04-11T02:34:01.000Z,33.03,68.87,BuildingB_Floor1,TypeB
1007,2025-04-07T10:11:42.000Z,26.4,55.61,BuildingB_Floor1,TypeB
1014,2025-04-06T05:18:42.000Z,25.29,72.5,BuildingA_Floor2,TypeB
1024,2025-04-10T13:01:58.000Z,20.54,75.79,BuildingA_Floor2,TypeB
1052,2025-04-11T02:01:59.000Z,33.51,77.65,BuildingA_Floor2,TypeA
1077,2025-04-09T00:38:02.000Z,21.05,59.72,BuildingB_Floor1,TypeA
1096,2025-04-08T13:24:54.000Z,25.66,63.16,BuildingA_Floor1,TypeA
1088,2025-04-09T19:41:10.000Z,25.66,57.86,BuildingA_Floor1,TypeC
1084,2025-04-08T14:27:37.000Z,30.99,42.04,BuildingA_Floor2,TypeB
1019,2025-04-09T15:24:43.000Z,21.26,41.47,BuildingB_Floor1,TypeC
1065,2025-04-09T19:44:58.000Z,20.86,76.09,BuildingB_Floor1,TypeB
1042,2025-04-09T01:12:01.000Z,29.06,66.98,BuildingB_Floor2,TypeA
1072,2025-04-07T08:16:20.000Z,33.09,60.29,BuildingB_Floor2,TypeC
1096,2025-04-10T14:53:28.000Z,21.83,31.75,BuildingA_Floor2,TypeB
1010,2025-04-09T05:43:44.000Z,34.38,41.37,BuildingB_Floor2,TypeA
1083,2025-04-08T02:53:59.000Z,20.52,58.66,BuildingA_Floor2,TypeC
1070,2025-04-09T23:48:28.000Z,21.37,41.35,BuildingB_Floor1,TypeC
1069,2025-04-10T15:45:55.000Z,17.68,44.32,BuildingB_Floor1,TypeC
1066,2025-04-10T13:22:39.000Z,27.71,46.51,BuildingA_Floor2,TypeB
1050,2025-04-08T11:29:46.000Z,17.04,53.15,BuildingB_Floor1,TypeA
1065,2025-04-09T20:19:53.000Z,28.08,39.13,BuildingA_Floor1,TypeA
1096,2025-04-10T15:28:49.000Z,23.22,56.55,BuildingA_Floor2,TypeB
1090,2025-04-07T14:24:23.000Z,34.59,54.11,BuildingB_Floor1,TypeB
1041,2025-04-07T13:39:25.000Z,25.72,65.63,BuildingA_Floor2,TypeC
1066,2025-04-09T10:02:42.000Z,15.91,65.1,BuildingA_Floor2,TypeB
1001,2025-04-09T06:18:10.000Z,33.78,53.39,BuildingA_Floor2,TypeB
1059,2025-04-06T20:01:06.000Z,17.64,49.65,BuildingB_Floor1,TypeA
1069,2025-04-08T01:34:05.000Z,26.33,79.3,BuildingA_Floor1,TypeA
1006,2025-04-08T15:56:08.000Z,23.26,79.98,BuildingB_Floor2,TypeB
1077,2025-04-08T17:49:59.000Z,17.05,75.41,BuildingB_Floor1,TypeB
1056,2025-04-07T17:51:50.000Z,25.58,41.16,BuildingB_Floor1,TypeB
1059,2025-04-10T11:44:53.000Z,31.09,77.15,BuildingB_Floor1,TypeB
1035,2025-04-06T19:18:43.000Z,25.03,53.76,BuildingA_Floor2,TypeB
1040,2025-04-09T13:39:32.000Z,27.31,71.34,BuildingA_Floor2,TypeA
1070,2025-04-09T01:41:34.000Z,16.51,47.13,BuildingA_Floor1,TypeC
1048,2025-04-10T13:44:51.000Z,23.55,32.55,BuildingA_Floor2,TypeC
1024,2025-04-08T19:05:46.000Z,26.99,52.1,BuildingA_Floor2,TypeA
1014,2025-04-08T22:15:52.000Z,27.94,52.54,BuildingB_Floor2,TypeB
1001,2025-04-07T13:53:38.000Z,17.69,62.07,BuildingA_Floor2,TypeA
1009,2025-04-10T20:50:26.000Z,21.98,54.44,BuildingB_Floor1,TypeB
1034,2025-04-10T11:45:28.000Z,30.06,50.25,BuildingB_Floor2,TypeB
